,s0,s1,s2,s3,s4,s5,s6,s7,s8,s9,s10,s11,s12,s13,s14,s15,s16,s17,s18,s19,s20,s21,s22,s23,s24,s25,s26,s27,s28,s29,s30,s31,s32,s33,s34,s35,s36,s37,s38,s39,s40,s41,s42,s43,s44,s45,s46,s47,s48,s49,s50,s51,s52,s53,s54,s55,s56,s57,s58,s59,s60,s61,s62,s63,s64,s65,s66,s67,s68,s69,s70,s71,s72,s73,s74,s75,s76,s77,s78,s79,s80,s81,s82,s83,s84,s85,s86,s87,s88,s89,s90,s91,s92,s93,s94,s95,s96,s97,s98,s99,s100,s101,s102,s103,s104,s105,s106,s107,s108,s109,s110,s111,s112,s113,s114,s115,s116,s117,s118,s119,s120,s121,s122,s123,s124,s125,s126,s127,s128,s129,s130,s131,s132,s133,s134,s135,s136,s137,s138,s139,s140,s141,s142,s143,s144,s145,s146,s147,s148,s149,s150,s151,s152,s153,s154,s155,s156,s157,s158,s159,s160,s161,s162,s163,s164,s165,s166,s167,s168,s169,s170,s171,s172,s173,s174,s175,s176,s177,s178,s179,s180,s181,s182,s183,s184,s185,s186,s187,s188,s189,s190,s191,s192,s193,s194,s195,s196,s197,s198,s199,s200,s201,s202,s203,s204,s205,s206,s207,s208,s209,s210,s211,s212,s213,s214,s215,s216,s217,s218,s219,s220,s221,s222,s223,s224,s225,s226,s227,s228,s229,s230,s231,s232,s233,s234,s235,s236,s237,s238,s239,s240,s241,s242,s243,s244,s245,s246,s247,s248,s249,s250,s251,s252,s253,s254
user1,2,0,0,0,1,0,0,0,0,0,0,0,0,0,0,0,0,0,0,24,0,0,0,0,0,0,0,12,0,0,0,0,0,0,0,0,0,0,0,0,0,0,0,0,0,0,0,0,0,1,5,0,0,0,4,0,0,0,0,0,0,0,0,0,0,0,0,0,0,0,0,0,0,0,0,0,0,0,0,0,0,0,0,0,15,0,0,0,0,0,0,0,0,0,0,0,0,0,0,0,0,0,0,0,0,0,0,0,0,0,0,0,0,0,0,0,0,0,0,0,1,0,0,0,0,0,0,0,0,0,0,0,0,0,0,0,0,0,0,0,0,0,2,0,0,0,0,0,4,0,2,0,0,0,0,0,0,0,0,0,0,0,0,0,0,0,0,19,0,0,0,0,0,2,0,0,0,0,0,0,3,0,0,0,0,0,0,0,0,0,0,0,0,0,0,0,0,0,0,0,0,0,0,0,0,0,0,0,0,0,0,7,0,0,17,0,0,0,0,0,0,0,0,0,0,0,0,0,0,0,0,0,0,0,0,0,0,0,2,0,0,0,0,0,0,0,0,0,0,0,0,0,0,0,0
user2,0,1,0,0,0,6,0,0,0,0,0,0,0,0,0,0,51,0,11,0,1,2,1,0,1,0,0,0,0,0,1,16,6,10,1,2,4,1,3,0,0,0,0,0,0,0,1,0,9,7,0,2,0,0,0,0,0,0,0,0,0,18,0,0,1,47,0,2,0,0,0,1,0,0,1,39,0,0,17,0,29,0,17,6,0,0,0,2,0,0,0,3,1,0,0,0,0,1,3,0,0,0,10,4,0,0,14,0,0,42,0,0,0,14,0,0,0,0,0,0,0,0,2,0,0,12,0,0,0,1,2,0,12,10,0,0,0,3,0,2,0,31,0,0,0,4,1,0,0,0,5,0,0,0,0,0,3,0,0,9,4,0,1,0,1,1,0,25,0,1,0,10,6,0,0,0,0,5,0,0,0,0,2,0,0,0,10,0,0,0,0,24,0,0,1,16,0,0,4,10,0,0,24,0,0,0,0,0,0,11,0,0,2,0,6,20,0,0,0,1,0,10,0,0,0,44,2,0,0,0,0,38,0,3,10,0,2,0,0,0,2,0,0,0,0,6,13,0,44,0,0,0,0,0,0
user3,0,0,0,2,0,0,0,9,0,0,0,2,0,0,0,0,0,0,0,0,0,0,0,0,0,0,1,0,0,0,0,0,0,0,0,0,0,0,4,0,0,0,13,0,0,0,0,0,0,0,2,0,0,0,0,0,0,0,2,0,2,0,0,0,0,0,0,0,0,0,0,0,0,0,0,0,0,0,0,0,5,0,0,0,0,7,0,0,0,0,0,0,0,0,0,0,0,0,0,0,0,0,0,0,0,0,0,0,0,0,0,1,0,0,1,2,0,0,0,24,4,0,0,0,0,0,0,0,0,0,0,0,0,0,0,0,0,0,0,0,2,0,0,0,1,0,13,0,0,0,0,0,0,40,0,15,0,0,0,1,0,0,0,0,0,0,0,1,0,0,0,0,0,6,0,0,0,0,0,3,0,0,0,0,0,0,0,0,4,0,0,0,0,0,0,1,0,0,0,1,0,0,0,0,0,0,0,1,0,0,0,0,0,0,4,0,0,0,0,0,0,13,0,0,0,0,0,0,0,3,0,0,0,0,0,0,0,0,0,0,0,1,0,0,0,0,1,0,2,0,0,2,0,1,0
user4,2,1,0,0,0,0,0,3,0,0,1,0,2,0,0,0,0,0,0,19,0,0,0,0,0,0,0,0,0,0,3,0,0,0,0,1,0,0,2,0,0,0,0,0,0,0,0,0,0,2,0,0,0,0,3,1,0,4,0,0,0,0,0,0,0,0,2,3,0,0,0,0,9,0,0,0,0,0,0,0,0,0,0,0,0,0,0,0,0,6,0,0,3,1,0,0,0,0,0,3,0,0,5,2,0,4,0,0,0,0,0,0,0,2,7,0,0,0,0,0,0,0,1,4,1,0,0,0,0,0,0,0,0,0,0,0,0,1,0,0,0,2,1,0,2,1,0,2,4,1,5,0,0,0,0,0,0,0,0,0,0,0,0,0,0,0,0,95,0,0,0,0,1,9,0,0,7,1,0,0,5,0,3,0,0,0,0,0,0,0,0,0,0,0,0,0,0,0,1,0,0,0,0,3,1,14,0,1,1,0,2,0,6,0,0,0,6,8,0,0,2,0,3,0,0,1,0,0,0,1,0,0,0,0,1,0,0,0,0,0,0,0,0,0,0,0,6,0,5,0,0,5,0,0,0
user5,0,0,0,0,0,0,0,0,0,0,0,0,0,0,0,0,0,0,0,0,0,0,0,0,0,0,0,0,0,0,0,0,0,0,0,0,0,0,0,0,0,0,0,0,0,0,0,0,0,0,0,0,0,0,0,0,0,0,0,0,0,0,0,0,0,0,0,0,0,0,0,0,0,0,0,0,0,0,0,0,0,0,0,0,0,0,0,0,0,0,0,0,0,0,0,0,0,0,0,0,0,0,0,0,0,0,0,1,0,0,0,0,0,0,0,0,0,0,0,8,0,0,0,0,0,0,0,0,1,5,1,0,0,0,0,0,0,0,0,0,1,0,0,0,0,0,0,0,0,0,0,0,0,63,0,0,0,0,7,0,22,0,0,0,0,1,0,221,0,0,0,27,0,21,0,0,0,0,0,0,0,2,0,0,0,0,0,0,0,0,0,0,0,0,0,0,0,0,0,0,0,0,0,0,0,0,0,36,0,0,104,0,62,0,0,0,0,0,0,1,0,0,0,0,0,0,0,1,0,0,0,0,0,0,0,0,0,0,0,0,0,0,0,0,0,0,0,0,1,0,0,0,0,0,0
user6,0,0,0,0,0,0,0,0,23,25,0,0,0,0,1,0,0,0,0,6,0,0,0,0,0,0,0,19,0,0,0,0,2,0,1,0,2,0,1,20,0,0,0,8,0,38,0,0,0,0,0,0,0,27,0,0,20,0,14,0,19,0,0,10,0,3,0,0,0,0,0,0,1,0,0,1,0,0,0,0,0,1,0,0,0,0,0,0,0,0,0,0,0,0,0,0,0,0,0,0,0,0,0,0,0,0,0,0,0,0,0,0,0,0,6,0,0,0,0,0,0,0,0,0,0,0,0,0,0,0,0,0,0,0,1,0,0,0,0,1,0,0,0,0,2,2,0,0,0,0,0,0,0,1,0,0,0,3,0,0,0,0,0,0,0,0,0,5,0,0,0,0,0,0,0,0,0,0,0,0,0,17,0,0,0,0,0,0,0,0,3,0,0,2,0,0,0,5,0,3,0,0,0,3,0,0,0,0,0,0,0,0,0,0,0,0,0,0,1,0,0,0,0,0,0,0,0,1,0,0,0,0,0,2,0,4,0,0,0,0,7,0,0,0,0,0,0,0,0,1,0,0,0,0,0
user7,0,0,0,0,0,0,0,0,0,0,0,0,0,0,0,0,0,0,0,0,0,0,0,0,0,0,0,0,0,0,0,0,0,0,0,0,0,0,0,0,0,0,0,0,0,0,0,0,0,0,0,0,0,0,0,0,0,0,0,0,0,0,0,0,0,0,0,0,0,0,0,0,0,0,0,0,0,0,0,0,0,0,0,0,0,0,0,0,0,0,0,0,0,0,0,0,0,0,0,0,0,0,0,0,0,0,0,0,0,0,0,0,0,0,0,0,0,0,0,0,0,0,0,0,0,0,0,0,0,0,0,0,0,0,0,0,0,0,0,0,0,0,0,0,0,0,0,0,0,0,0,0,0,0,0,0,0,0,0,0,0,0,0,0,0,0,0,0,0,0,0,0,0,0,0,0,0,1,0,0,0,0,0,0,0,0,0,0,0,0,0,0,0,0,0,0,0,0,0,0,0,0,0,3,0,0,0,0,0,0,0,0,3,0,0,0,0,0,0,0,0,0,0,0,0,0,0,0,0,0,0,0,0,0,0,0,0,0,0,0,0,0,0,0,0,0,0,0,2,0,0,0,0,0,0
user8,0,0,0,0,0,0,0,0,0,0,0,0,0,0,0,0,0,0,0,0,0,0,0,0,0,0,0,0,0,0,0,0,0,0,0,0,0,0,0,0,0,0,0,0,0,0,0,0,0,0,0,0,0,0,0,0,0,0,0,0,0,161,0,0,0,0,0,0,0,0,0,0,0,0,0,0,0,0,0,0,0,0,0,0,0,0,0,0,0,0,0,0,0,0,0,0,0,0,0,0,0,0,0,0,0,0,0,0,0,0,0,0,0,0,120,0,0,0,0,0,0,0,0,0,0,0,0,0,0,0,0,0,0,0,0,0,0,0,0,0,0,0,0,0,0,0,0,0,0,0,0,0,0,0,0,0,0,0,0,86,0,0,0,0,0,0,0,1,0,0,0,0,0,0,0,0,0,0,0,0,0,0,1,0,0,0,0,0,0,0,0,0,0,0,0,0,0,0,0,0,0,0,0,0,0,0,0,0,0,0,0,0,0,0,0,0,0,0,0,0,0,0,0,0,0,0,0,0,0,0,0,0,0,0,0,0,0,0,0,0,0,0,0,0,0,0,0,0,7,0,0,1,0,0,0
user9,0,0,5,0,0,0,0,0,0,0,0,0,0,0,0,1,0,0,0,0,0,0,0,1,0,0,0,0,0,0,0,0,0,0,0,0,0,0,0,0,0,0,0,0,0,0,0,0,0,0,0,0,0,0,0,0,0,0,0,0,0,0,0,1,9,0,0,0,0,0,0,0,0,0,0,0,0,1,0,0,0,0,0,0,0,0,0,0,0,0,0,0,0,0,0,0,0,0,0,0,0,0,0,0,0,0,0,0,0,0,0,0,0,0,2,1,0,0,0,0,0,0,0,0,0,6,0,0,0,0,3,0,0,0,0,0,0,0,0,1,0,1,0,0,0,0,0,0,0,0,0,0,0,0,0,0,0,0,0,0,0,0,0,0,0,1,0,0,0,0,0,0,0,0,0,0,0,0,0,0,0,0,0,0,1,0,0,0,0,0,0,0,0,0,0,1,0,0,0,0,0,0,0,2,0,0,0,0,0,0,0,0,0,0,1,0,0,0,0,0,0,0,0,0,0,0,2,0,0,0,1,0,0,1,1,0,0,0,0,0,0,0,0,0,0,0,1,0,2,0,0,0,0,0,0
user10,0,0,0,0,0,0,0,0,0,0,0,0,0,0,0,0,0,0,0,0,0,0,0,0,0,0,0,0,0,0,0,0,0,0,0,0,0,0,0,0,2,0,0,0,0,0,0,0,0,0,0,0,0,0,0,0,0,0,0,0,0,0,0,0,0,0,0,0,0,0,0,0,1,0,0,0,0,0,0,0,0,0,0,0,0,0,0,0,0,0,0,0,0,0,1,0,0,0,0,0,0,0,0,0,0,0,0,0,0,0,0,0,0,0,0,0,0,0,2,0,0,0,0,0,0,0,0,0,0,0,0,0,0,0,0,0,0,0,0,0,0,0,0,0,0,0,0,0,0,0,0,0,0,0,0,0,0,0,0,0,0,0,0,0,0,0,0,0,0,0,0,0,0,0,0,0,0,0,0,0,0,0,0,0,0,0,0,0,0,0,0,0,0,0,0,0,0,2,0,0,0,0,0,0,0,0,0,0,0,0,0,0,0,0,0,0,0,0,0,0,0,0,0,0,0,0,0,0,0,0,0,0,0,0,0,0,0,0,0,0,0,0,0,0,0,0,0,0,0,0,0,0,0,0,0
user11,1,1,0,2,0,0,0,0,0,0,0,4,0,0,5,0,0,0,0,0,0,0,0,2,0,0,3,0,0,0,0,0,0,0,0,0,0,3,0,3,0,0,2,0,0,0,0,0,0,0,0,0,1,0,0,0,0,0,0,0,0,0,2,0,0,0,0,0,4,0,0,0,0,0,0,0,0,2,0,0,0,0,0,0,0,0,0,0,0,0,0,0,0,0,0,0,0,0,0,0,0,0,0,0,1,0,0,0,0,0,0,0,0,0,0,0,2,0,2,0,0,0,0,1,0,0,6,0,0,0,0,0,3,0,0,25,1,0,0,0,0,0,1,0,0,0,0,0,0,0,0,1,0,4,0,2,8,0,0,0,0,0,0,0,0,0,0,0,0,0,0,0,0,0,0,0,0,0,1,0,0,0,0,0,0,0,0,0,0,0,0,0,0,0,0,0,0,0,0,0,0,0,0,3,0,0,0,0,0,0,0,0,0,2,0,0,0,0,0,0,0,0,0,0,0,0,0,0,0,0,0,3,0,0,0,0,0,0,0,0,0,0,0,0,0,0,0,0,0,0,0,0,2,7,1
user12,0,0,0,0,0,1,0,0,0,0,2,0,10,8,0,0,0,7,0,2,0,1,4,0,0,2,0,0,0,0,0,0,7,0,4,0,1,0,0,0,0,0,0,0,0,0,1,40,0,0,4,0,0,3,0,0,0,0,0,28,0,0,2,2,0,0,0,0,0,0,0,0,9,0,0,6,0,0,0,14,0,0,4,0,9,0,0,0,0,0,0,0,5,0,0,0,0,0,0,0,0,0,1,0,27,0,0,6,0,0,0,3,0,0,12,0,0,0,0,5,7,0,8,0,4,2,0,2,0,0,0,0,0,23,1,0,0,0,0,0,0,0,0,8,8,1,0,23,0,8,0,0,0,5,0,0,0,2,1,0,0,0,39,0,9,0,0,34,0,7,0,0,0,0,0,20,4,13,1,2,0,7,0,4,0,0,0,1,1,0,8,0,0,0,4,0,0,0,0,3,3,0,0,0,0,7,0,1,0,0,2,1,0,1,0,1,15,0,0,0,1,2,0,13,0,9,0,0,0,0,0,0,0,0,6,0,0,7,0,0,2,0,0,0,2,0,4,6,0,0,0,0,0,15,0
user13,0,0,0,0,0,0,0,0,0,0,0,13,0,2,0,0,0,0,2,3,0,0,0,0,0,0,0,0,0,0,0,0,1,1,0,0,11,0,0,1,4,0,0,0,0,0,0,0,0,0,0,0,0,0,0,0,0,0,0,0,0,0,0,0,0,0,0,0,4,0,0,0,0,0,0,0,0,0,0,0,0,2,0,0,15,0,0,0,5,0,0,0,0,0,3,4,1,0,0,0,0,0,0,0,0,0,0,0,0,0,0,0,0,0,0,0,0,3,0,0,0,0,0,0,0,0,0,0,0,0,0,0,0,0,0,0,0,0,6,0,0,0,0,0,0,0,0,0,0,0,0,0,0,0,0,0,0,0,0,0,0,0,0,0,0,0,0,33,0,0,0,0,0,0,0,0,0,0,0,0,2,0,0,0,0,0,0,0,0,5,0,0,0,1,0,0,0,0,0,0,0,0,1,0,0,0,0,0,0,0,0,0,0,0,1,0,0,2,1,0,0,0,0,0,0,0,0,0,0,0,0,0,4,1,0,5,0,0,4,0,0,0,0,0,0,0,0,0,1,0,0,0,0,0,0
user14,0,0,0,0,0,0,0,0,0,0,0,0,0,0,0,0,0,0,0,0,0,0,0,0,0,0,0,0,0,0,0,0,0,0,0,0,0,0,0,0,0,0,0,0,0,0,0,0,0,0,0,0,0,0,0,0,0,1,0,0,0,0,0,0,0,0,0,0,0,0,0,0,0,0,0,0,0,0,0,0,1,0,0,0,0,0,0,0,0,0,0,0,0,0,0,0,0,0,0,0,0,0,0,0,0,0,0,0,0,0,0,0,0,0,0,0,0,0,0,0,0,0,0,0,0,0,0,0,0,0,0,0,0,0,0,0,0,0,0,0,0,0,0,0,0,0,0,1,0,0,0,0,0,0,0,0,0,0,0,0,0,0,0,0,0,0,0,0,0,0,0,0,0,0,2,0,0,0,0,0,0,0,0,0,0,0,0,0,0,0,0,0,0,0,0,0,0,0,0,0,0,0,0,0,0,0,0,0,0,0,0,0,0,0,1,0,0,0,0,0,0,0,0,0,0,0,0,0,0,0,0,0,0,0,0,0,1,0,0,0,0,0,0,0,0,0,0,0,0,0,0,0,0,0,0
user15,0,0,0,0,0,0,0,0,0,0,0,0,0,0,0,0,0,0,0,0,0,0,0,0,0,0,0,0,0,1,0,0,0,0,0,0,0,0,0,0,0,0,0,0,0,0,0,0,0,0,0,2,0,1,0,0,0,0,0,0,0,0,0,0,0,0,0,0,0,0,0,0,0,0,0,0,0,0,0,0,0,0,0,0,0,0,0,0,0,0,0,0,0,0,0,0,2,0,0,0,0,1,0,0,0,0,0,0,0,0,0,0,0,0,0,0,0,0,4,0,0,9,0,0,0,0,0,0,4,0,12,0,0,0,0,0,0,0,0,0,0,0,0,0,0,0,0,0,0,0,0,0,0,0,0,0,0,0,0,0,0,0,0,0,0,1,0,0,1,0,0,0,0,0,0,0,0,0,0,0,0,0,0,0,0,0,0,0,0,0,0,0,0,0,0,0,0,2,0,0,0,0,0,8,0,0,0,0,0,0,0,0,0,0,0,0,0,0,0,0,0,0,0,0,0,0,0,1,0,0,12,0,0,0,0,0,0,0,0,0,0,0,0,0,0,0,0,0,0,0,0,10,0,1,0
user16,0,2,0,3,0,0,4,0,0,0,0,0,0,0,0,0,0,0,2,1,11,0,0,0,0,0,3,0,0,0,0,0,4,3,1,2,0,0,1,0,1,0,0,0,0,0,0,0,2,2,0,0,1,0,0,1,0,26,7,1,0,0,0,0,0,10,1,0,0,3,1,0,0,0,2,0,0,1,0,0,0,0,0,4,0,0,0,0,0,0,0,4,1,0,0,2,0,0,0,0,0,0,0,0,3,0,0,13,1,4,0,0,0,0,1,0,0,0,0,0,0,0,0,0,0,0,0,0,0,0,1,0,0,0,17,0,0,0,2,0,4,2,2,1,0,2,1,0,0,0,0,0,0,9,0,0,14,6,4,5,1,3,0,0,0,0,0,3,0,2,0,1,0,0,2,0,0,9,0,0,0,0,4,0,0,0,6,0,0,1,1,2,0,0,0,9,0,0,0,0,0,0,6,1,0,0,0,0,0,0,0,0,7,0,5,0,0,0,0,0,0,0,2,0,0,2,9,0,1,0,0,2,0,0,1,1,4,0,0,1,0,0,0,0,1,0,2,0,5,0,0,2,11,0,0
user17,0,0,11,2,0,0,0,0,0,0,0,0,0,0,0,0,0,1,0,0,0,0,0,2,0,0,2,0,0,0,0,0,2,0,0,0,1,0,0,0,0,1,0,0,0,0,0,0,0,0,0,0,2,0,0,0,0,0,0,0,0,1,0,0,0,0,1,0,0,0,1,0,0,0,0,0,0,0,0,0,1,0,0,0,0,0,0,1,0,0,0,2,0,0,1,0,0,0,0,0,0,0,0,0,2,0,2,3,0,0,0,0,0,0,0,0,0,0,3,0,1,0,0,3,2,0,2,1,0,0,2,1,0,0,0,0,3,0,3,0,0,1,0,0,0,0,2,0,0,0,0,1,5,9,0,5,10,2,0,1,0,0,0,0,0,0,0,3,0,0,2,10,0,0,0,3,0,7,0,1,0,3,0,0,0,18,0,0,0,2,0,0,0,0,2,1,0,0,0,0,0,0,0,7,0,1,0,0,0,0,0,0,0,0,4,0,0,0,1,3,0,0,0,0,0,9,0,0,7,1,0,5,0,0,0,0,0,0,0,0,0,0,0,0,0,0,0,0,13,0,0,2,3,7,2
user18,0,1,0,2,0,0,0,0,0,0,0,0,0,0,0,0,0,0,0,19,0,0,0,0,0,0,3,0,0,0,74,0,0,0,0,4,0,0,0,0,0,0,0,1,0,0,0,0,11,0,0,0,0,0,0,0,0,0,0,0,0,0,0,0,51,0,0,0,0,3,0,0,0,0,0,0,0,0,0,0,0,0,0,17,0,0,0,0,0,15,0,3,0,0,0,0,0,0,2,22,0,0,0,0,0,0,0,0,0,18,0,0,0,0,0,0,0,0,0,0,0,0,0,0,0,0,0,0,0,0,0,0,0,0,0,0,11,0,0,0,0,0,0,0,0,35,0,0,0,0,0,0,0,0,0,0,0,0,0,0,0,0,0,0,0,0,1,3,0,0,0,0,0,0,0,0,0,0,0,0,0,0,0,0,0,0,6,0,0,0,0,0,0,0,0,24,0,0,0,0,0,0,1,0,0,0,0,0,2,0,0,0,0,0,0,0,0,3,0,0,0,0,0,0,0,0,0,0,0,0,0,0,0,0,1,0,0,0,2,0,0,0,0,1,0,6,20,0,0,0,0,0,0,2,0
user19,0,0,0,23,0,0,0,0,0,0,0,0,0,0,0,0,30,0,0,1,0,0,0,45,0,0,0,0,0,0,0,0,0,0,0,0,0,0,0,0,172,0,0,0,0,0,7,0,0,0,0,0,0,0,0,0,0,0,0,0,1,0,0,0,0,0,0,0,0,0,0,0,0,0,0,0,0,0,3,0,0,0,0,0,0,0,0,0,0,0,0,0,0,0,5,6,1,0,0,0,0,0,0,0,0,0,0,0,0,0,13,0,0,0,0,0,0,0,9,0,6,0,0,0,1,0,0,0,1,1,19,0,0,0,0,1,0,109,0,0,0,0,10,0,0,0,0,0,1,0,0,0,5,0,0,26,0,34,0,0,0,0,0,0,0,0,0,14,0,7,0,0,0,6,50,0,0,8,0,0,0,0,0,0,3,0,0,0,0,22,0,0,0,0,0,8,0,0,1,0,0,0,0,0,0,0,0,0,0,0,0,0,0,0,118,0,0,0,0,15,0,1,0,0,0,3,33,0,0,5,0,0,0,0,0,0,0,0,0,0,0,0,0,0,0,0,71,0,54,0,0,0,0,0,0
user20,0,0,0,0,0,0,0,0,1,1,0,0,0,0,1,0,0,1,6,3,4,0,0,1,4,0,0,1,0,0,0,1,0,1,0,1,1,0,0,1,1,0,0,0,0,1,0,0,1,0,0,1,0,1,0,1,1,0,1,0,1,3,0,0,0,2,0,0,0,2,0,0,0,0,1,0,0,0,0,1,0,0,0,1,0,0,0,0,0,1,0,0,0,0,0,1,0,0,0,0,0,0,0,1,0,0,0,0,0,2,0,0,1,0,0,0,0,0,0,0,0,1,0,0,0,0,0,0,0,0,0,2,0,0,1,0,0,0,4,0,0,0,0,0,0,0,0,2,0,1,0,0,0,0,0,0,2,0,0,0,0,0,0,0,1,0,0,3,0,0,0,0,0,0,0,0,0,0,0,0,0,0,0,0,0,0,0,0,0,0,0,0,0,0,0,2,0,0,0,0,0,0,0,0,0,0,0,0,0,2,0,2,0,0,0,0,0,0,0,0,0,0,0,0,0,2,0,0,0,0,0,0,0,0,8,0,0,0,0,0,0,0,0,1,0,0,0,0,0,0,0,1,0,0,0
user21,0,9,0,1,0,21,0,0,4,0,0,0,0,2,0,12,18,7,12,4,0,0,13,0,0,0,2,0,0,0,0,0,0,0,0,0,0,1,0,0,0,10,6,0,0,0,0,0,0,0,0,0,1,0,0,0,0,0,0,18,0,0,0,9,0,0,0,0,5,0,0,6,3,0,5,0,0,0,5,0,0,0,0,0,0,0,0,7,0,0,0,0,17,0,0,0,0,0,0,0,0,0,0,0,0,0,0,0,0,0,0,16,0,3,0,0,0,0,0,0,0,0,15,0,0,0,12,0,0,0,0,0,0,0,0,0,0,19,0,0,0,0,4,0,0,0,0,0,0,0,0,0,0,0,0,0,0,0,0,0,0,0,0,12,0,0,0,2,0,0,0,0,0,0,0,11,0,3,0,0,0,0,1,1,0,0,0,0,0,1,0,0,0,12,1,0,0,0,0,2,17,2,6,0,7,0,0,5,0,2,0,0,0,3,0,0,0,0,0,0,0,0,13,0,0,1,7,0,0,0,0,0,4,0,0,0,0,2,0,15,0,0,0,0,0,0,0,0,14,0,0,26,0,7,0
user22,0,0,0,0,0,2,0,0,10,0,0,0,0,0,0,0,0,0,0,0,0,0,0,10,0,0,0,0,0,0,0,0,0,0,0,10,0,0,6,0,0,0,0,0,0,0,0,0,0,0,0,0,0,7,0,0,0,0,0,0,0,0,0,0,0,2,0,0,0,0,0,0,0,0,0,20,0,0,0,0,0,0,2,0,21,0,2,0,0,0,0,0,0,0,0,0,0,3,0,0,0,0,0,0,0,0,0,0,0,0,0,143,0,10,0,0,0,0,0,0,0,0,1,2,0,0,0,0,0,0,0,0,0,0,0,0,0,0,0,0,0,0,49,0,0,0,0,0,0,8,0,0,0,86,0,0,0,0,0,0,0,0,0,0,0,0,0,0,0,2,0,0,74,0,0,163,0,0,0,0,0,0,0,0,0,0,0,0,0,0,0,0,0,0,0,2,0,0,0,0,0,0,0,0,0,18,0,0,0,0,0,0,2,0,2,0,0,0,0,0,0,0,0,21,0,0,2,0,0,0,0,0,0,0,8,0,0,4,0,0,0,0,20,0,0,0,0,0,0,0,2,0,0,0,0
user23,0,0,0,0,0,0,0,0,0,0,0,18,0,0,0,78,0,0,0,0,0,0,0,12,0,0,0,0,0,0,4,6,0,0,0,0,0,0,0,0,120,4,0,0,0,0,0,0,0,18,0,0,0,0,0,0,0,0,0,0,0,0,0,0,0,0,0,0,0,0,0,0,0,0,0,0,0,0,0,0,0,0,0,0,0,0,2,0,0,0,0,0,0,2,22,0,10,0,0,4,0,0,0,0,0,0,0,0,0,0,0,18,0,0,0,0,0,0,0,64,0,14,0,0,6,0,0,0,0,0,0,0,0,0,0,6,0,0,0,0,0,0,0,0,0,0,0,0,0,0,2,0,0,28,0,0,0,0,0,0,0,0,2,0,0,4,0,0,0,14,0,0,2,0,52,0,0,0,0,0,0,0,0,0,0,0,0,0,0,22,0,0,0,26,0,8,0,0,0,0,0,0,0,0,0,0,0,0,0,0,0,0,0,0,0,0,0,0,0,0,0,0,0,0,0,0,0,0,0,0,0,0,0,0,2,52,0,0,0,0,0,0,0,0,0,0,6,0,200,0,0,0,0,0,0
user24,2,10,0,2,8,2,0,6,2,0,0,0,0,0,2,16,4,0,2,14,0,4,0,4,0,0,0,4,22,0,0,2,0,0,0,0,0,0,0,2,0,0,0,0,18,0,2,2,0,0,2,0,0,4,0,0,2,76,6,4,0,2,0,2,0,6,0,6,2,0,14,10,6,0,0,0,6,0,0,2,2,0,0,2,2,10,0,4,0,6,14,2,0,0,2,4,0,0,0,8,16,2,0,0,0,2,0,2,6,0,6,0,0,0,0,0,0,0,0,0,0,2,0,0,0,2,2,0,0,0,4,0,6,6,2,0,0,0,2,0,0,6,2,4,0,18,0,0,0,0,0,0,4,4,0,0,4,0,0,0,0,0,4,0,4,0,2,8,2,0,0,6,0,0,2,12,2,0,0,8,0,10,0,0,4,0,6,0,4,0,0,0,0,2,4,14,0,2,10,8,0,16,0,0,0,0,14,10,2,2,2,2,0,0,14,0,0,0,0,0,4,2,2,10,0,2,0,2,2,0,0,2,0,0,8,2,0,6,26,0,0,0,0,26,0,2,2,0,12,2,2,2,0,0,0
user25,2,0,0,2,0,0,0,0,0,0,0,0,0,0,0,0,22,2,28,0,0,0,0,2,0,6,0,0,0,0,2,10,0,0,0,0,0,0,4,0,0,16,8,0,0,0,4,0,0,8,0,0,0,0,4,6,2,0,2,0,2,8,0,0,0,0,2,0,38,0,0,0,6,0,4,2,0,0,42,0,0,2,4,4,0,0,0,0,0,2,0,8,0,0,0,0,0,0,2,0,0,0,0,2,8,0,8,2,6,0,0,0,2,4,0,0,2,0,2,2,0,0,0,8,0,0,0,0,0,0,4,0,0,0,0,0,0,0,0,66,0,72,0,0,0,2,0,0,4,0,0,0,2,44,0,0,32,2,0,14,0,0,0,2,0,0,16,0,14,0,2,8,8,2,0,0,0,2,4,0,2,0,0,6,0,0,2,12,0,0,0,0,10,6,2,0,0,0,0,36,8,0,2,4,0,2,0,2,68,20,0,6,28,4,0,4,0,0,0,8,0,10,0,0,0,0,0,0,0,0,0,0,0,0,8,0,0,6,0,2,0,2,0,0,0,2,0,2,0,0,2,0,6,0,0
user26,0,0,12,0,0,0,20,0,0,0,0,74,0,0,0,0,0,0,0,124,0,0,4,10,0,0,0,2,0,0,0,0,0,0,0,0,0,0,0,0,126,0,0,2,0,4,0,0,0,0,0,0,4,0,0,0,0,0,0,0,0,0,0,0,0,0,0,0,0,0,0,10,14,10,0,0,0,14,0,0,0,0,0,0,16,0,0,0,0,28,0,0,116,16,82,0,0,0,0,30,0,2,0,0,0,0,0,4,80,0,0,0,0,0,0,0,0,0,2,0,0,0,0,4,0,0,0,0,0,0,2,0,0,0,0,0,0,0,0,0,0,0,0,0,0,0,0,0,0,0,0,0,48,30,0,68,0,0,0,10,0,0,20,0,0,0,0,194,0,0,0,0,0,0,20,0,0,0,0,0,0,0,20,0,0,0,0,0,0,2,0,0,0,0,0,0,0,8,0,0,0,0,0,0,0,0,0,16,0,0,14,0,0,0,18,0,0,0,0,2,0,0,0,0,4,20,0,8,0,0,0,0,0,0,0,0,0,0,136,0,0,0,0,120,0,0,0,2,138,0,0,224,0,0,0
user27,0,0,0,0,0,0,0,0,0,0,0,0,0,0,0,0,0,0,0,0,0,0,0,0,0,0,0,0,0,0,0,0,0,0,0,0,0,0,0,0,0,0,0,0,0,0,0,0,0,0,0,0,0,0,0,0,0,0,0,0,0,0,0,0,0,0,0,6,0,0,0,0,0,0,0,0,0,0,0,0,0,0,0,0,0,0,0,0,0,0,0,0,0,0,0,0,0,0,0,0,0,0,20,0,0,0,0,0,0,0,0,0,0,0,0,0,0,0,0,0,0,0,0,4,0,0,0,0,0,0,0,0,0,0,0,0,0,0,0,0,0,0,0,0,0,0,0,0,0,0,0,0,0,10,0,0,0,0,0,0,0,0,0,0,0,0,0,0,0,0,0,0,0,0,0,0,0,0,0,0,0,0,0,0,28,8,0,0,0,0,8,0,0,0,0,20,0,0,0,0,0,0,0,0,0,0,0,0,0,0,0,0,0,0,0,0,0,0,0,0,0,0,0,0,0,0,8,0,0,0,0,0,0,0,0,0,0,0,0,0,0,0,0,0,0,0,10,0,0,0,0,0,0,0,0
user28,2,0,0,0,0,0,0,0,0,0,4,0,2,0,0,0,0,0,0,0,0,0,0,12,0,2,0,0,0,0,0,0,0,0,0,0,0,0,0,0,0,0,0,0,0,0,0,2,0,0,2,0,0,0,0,0,0,0,0,0,0,0,2,0,0,0,0,0,0,4,0,0,0,0,0,0,0,0,0,0,0,0,0,0,0,0,0,0,0,0,0,0,0,0,0,0,0,0,0,0,0,0,0,0,0,0,0,0,0,0,0,0,0,0,0,6,6,0,0,0,0,0,0,0,0,2,0,0,0,0,0,0,4,0,0,0,0,0,0,0,0,0,0,0,0,0,0,0,0,0,0,0,0,0,0,0,0,0,8,0,0,0,0,0,0,0,0,8,0,0,0,0,0,0,0,0,0,0,0,0,0,4,0,0,0,0,0,0,0,0,0,0,0,2,0,0,0,0,0,0,0,0,0,0,0,0,0,0,0,0,0,2,2,0,0,0,0,0,0,0,8,0,0,0,0,8,0,0,0,0,0,0,0,0,0,0,0,0,0,0,0,0,0,0,0,0,0,0,8,0,0,0,0,4,2
user29,0,36,0,0,4,0,164,0,0,0,0,0,8,2,4,0,0,0,0,62,0,4,2,0,0,0,0,0,28,0,2,0,0,0,0,2,14,0,0,0,0,0,0,0,4,0,6,0,0,0,0,6,0,0,0,0,0,0,0,26,0,0,0,0,0,0,0,0,0,4,4,0,0,0,0,0,0,0,2,0,6,2,0,0,0,0,2,0,0,6,24,14,2,0,0,38,0,2,10,2,6,0,0,2,0,0,0,0,54,2,0,0,0,0,14,0,0,2,0,12,0,0,0,0,0,0,0,0,0,2,2,0,0,2,0,0,0,0,2,0,0,0,0,22,0,30,0,0,0,2,4,2,2,2,0,0,0,0,0,0,0,0,46,0,0,0,0,64,0,0,0,4,0,0,0,0,0,0,2,0,0,4,0,0,0,12,132,0,0,0,0,0,0,0,4,4,2,0,2,0,2,0,0,0,0,0,4,16,0,4,0,0,8,0,0,2,2,0,0,2,0,0,20,0,2,0,2,0,0,2,0,0,0,0,8,0,0,0,2,0,0,0,0,0,0,2,0,0,14,2,0,2,0,0,0
user30,0,0,0,0,0,0,0,0,0,0,0,0,0,0,0,0,0,14,0,4,0,0,0,0,0,0,0,0,2,0,0,0,0,0,0,0,0,0,0,0,0,6,0,0,0,0,0,0,0,0,0,0,0,0,0,0,0,0,4,4,0,0,0,0,0,0,0,0,0,0,0,0,22,0,0,8,0,0,0,4,0,0,0,0,8,0,0,0,0,0,2,0,0,0,0,0,0,2,0,0,4,0,0,0,0,0,0,0,0,0,0,0,0,0,0,0,0,0,0,0,0,0,0,0,0,2,0,0,0,0,0,0,0,0,0,0,2,32,2,0,0,0,0,0,0,0,0,0,0,0,0,0,0,0,0,0,0,0,0,0,0,0,0,0,0,0,0,4,0,0,0,0,0,0,0,22,8,0,0,0,0,0,0,0,0,0,0,0,0,0,0,0,0,14,0,0,0,0,0,0,0,0,2,0,0,0,0,0,0,0,0,0,0,2,0,0,0,0,0,0,0,0,14,0,2,0,0,0,0,0,0,0,0,0,2,0,0,0,0,0,0,0,0,0,0,0,0,0,0,0,0,2,0,0,0
user31,4,10,0,20,0,22,0,4,0,2,12,0,2,4,0,0,0,0,0,22,0,2,6,10,0,2,0,2,4,0,4,0,0,2,0,16,2,0,4,0,0,0,0,8,10,2,2,0,2,0,0,0,4,0,0,0,2,0,6,8,0,4,0,2,0,10,6,0,4,8,34,0,12,0,2,0,2,0,2,0,0,2,2,4,0,4,0,6,4,8,0,2,0,4,0,8,2,0,4,10,0,0,0,2,2,2,0,14,0,12,8,0,4,0,0,0,0,0,0,2,6,0,0,4,0,10,10,2,0,6,0,2,4,18,2,6,6,0,4,0,4,2,2,18,0,4,6,4,0,18,6,0,4,0,0,6,10,8,0,2,8,4,0,0,0,0,6,52,0,2,0,0,0,0,4,4,0,8,0,0,0,2,0,4,4,0,6,0,2,2,4,2,0,6,0,26,14,4,0,0,0,4,8,4,0,4,4,4,6,4,4,2,26,0,2,2,2,4,0,0,12,2,0,26,2,14,4,2,4,0,2,4,0,0,4,2,4,12,16,2,8,2,0,4,14,2,18,0,16,0,2,2,4,2,0
user32,0,0,0,0,0,0,0,0,0,0,0,0,0,0,0,0,0,0,0,0,0,0,0,0,0,0,0,0,0,0,0,0,0,0,4,0,0,0,0,0,0,0,0,0,0,0,0,0,0,0,0,0,0,0,2,0,0,0,2,0,0,0,0,0,0,0,0,0,0,0,0,0,0,0,2,0,0,0,0,0,2,0,0,0,0,0,0,0,4,0,0,0,0,0,0,0,0,0,2,0,0,0,0,0,6,0,0,0,0,0,0,0,0,0,0,0,8,52,0,0,0,0,4,0,0,0,0,0,0,0,0,0,0,0,0,0,0,0,0,0,0,0,0,0,0,0,0,0,0,0,0,0,0,0,2,0,0,0,0,0,0,0,0,0,0,0,0,18,0,0,0,0,0,12,0,0,0,0,0,0,0,0,0,0,0,0,0,0,0,0,0,0,0,0,0,0,0,0,0,0,0,0,0,36,0,0,0,0,0,0,0,0,0,0,0,0,0,0,0,0,0,0,0,0,0,0,4,0,2,0,0,0,194,0,0,0,0,0,274,0,0,0,0,0,0,0,0,2,2,68,0,24,0,0,114
user33,81,0,1,0,4,0,38,0,25,2,0,10,0,0,14,0,0,0,0,0,52,0,0,68,0,0,0,0,2,0,0,0,28,0,1,0,0,0,0,0,0,0,0,6,0,0,0,0,0,0,0,0,0,0,2,0,0,0,0,0,0,72,0,0,0,0,0,0,0,0,0,0,0,0,0,0,0,0,0,0,0,0,0,0,0,0,0,0,0,0,0,0,0,0,0,0,0,0,0,0,0,0,0,0,11,0,32,0,0,0,0,0,0,0,6,0,0,0,9,0,2,0,0,0,16,0,0,0,0,0,6,0,0,0,0,0,0,3,0,0,0,0,6,0,0,4,0,0,2,0,8,53,0,4,0,0,0,8,3,0,0,0,0,0,0,0,0,0,0,0,0,0,0,26,2,0,0,0,0,0,4,0,0,0,0,0,0,0,0,0,0,0,0,0,0,0,0,0,0,0,0,0,0,2,0,0,0,0,0,0,0,0,0,0,0,0,0,0,0,0,0,65,0,0,0,0,0,4,0,0,2,26,0,0,0,0,0,0,0,9,12,0,0,0,0,0,0,0,20,0,0,0,0,4,0
user34,0,1,0,0,0,0,0,0,2,0,0,0,0,0,13,0,0,0,4,1,6,1,1,0,0,2,0,2,0,0,0,0,0,0,13,11,0,0,0,2,0,1,3,0,3,1,0,0,3,0,0,1,0,1,0,0,2,0,1,0,1,0,0,0,1,1,0,0,4,0,2,0,2,3,0,0,1,0,0,0,0,0,0,0,0,0,0,2,0,0,0,0,0,0,0,2,0,0,0,0,0,6,4,8,3,0,0,0,0,1,0,0,0,0,10,0,0,0,0,1,0,0,0,0,1,6,0,0,0,0,0,0,1,0,0,0,0,3,2,0,0,0,0,16,0,4,0,0,0,0,0,0,2,0,0,1,1,0,0,0,0,0,0,0,0,0,0,0,0,0,0,0,0,0,0,25,0,1,0,0,0,0,0,1,0,0,0,0,0,0,0,0,0,0,0,8,1,0,0,0,0,1,3,0,1,0,2,1,0,0,0,0,0,0,0,0,0,0,0,0,0,0,4,3,0,0,0,0,0,0,0,0,0,0,21,0,1,1,0,0,0,0,0,0,2,0,6,0,0,0,1,5,0,0,0
user35,0,0,0,0,0,0,0,0,0,0,0,0,0,0,0,0,0,0,0,0,0,0,0,0,0,0,0,0,0,1,0,0,0,0,0,0,0,0,0,0,0,0,0,0,0,0,0,0,0,0,0,0,0,0,0,0,0,0,0,0,0,0,0,0,0,0,0,0,0,0,0,0,3,0,0,0,0,0,0,0,0,0,0,0,0,0,0,0,0,0,0,0,0,0,0,0,0,0,0,0,0,0,0,0,0,0,0,0,0,0,0,1,0,0,0,4,1,0,0,0,0,0,0,0,0,0,0,0,0,0,0,0,0,0,0,0,0,0,0,0,0,0,0,4,8,0,0,0,0,0,10,4,0,0,0,0,1,0,0,0,0,0,0,0,0,0,0,0,1,0,0,0,0,0,0,0,0,0,0,0,0,1,0,0,0,0,0,0,0,0,0,0,0,0,0,0,0,0,0,0,0,0,0,1,0,0,0,0,0,0,0,0,0,0,0,0,1,0,0,0,0,0,0,0,0,0,0,0,0,0,0,0,0,0,0,0,0,0,0,0,0,0,0,0,0,0,0,0,7,0,0,0,0,0,0
user36,2,0,0,0,0,0,1,0,0,0,0,1,0,0,0,0,0,0,0,0,0,0,0,0,2,0,0,0,0,0,0,0,0,0,0,0,0,0,0,0,0,0,0,0,0,0,0,0,0,0,0,2,0,1,0,0,0,0,0,0,0,0,0,0,0,0,0,0,0,0,0,0,0,0,0,1,0,0,0,0,0,0,0,0,0,0,0,0,0,0,0,0,0,0,0,0,0,0,0,0,0,0,0,0,0,0,0,0,0,0,0,0,0,0,0,0,0,0,0,1,0,0,0,0,0,0,0,0,0,0,0,0,0,0,0,0,0,0,1,0,0,0,0,0,0,0,0,0,0,1,2,0,0,0,0,0,0,0,0,0,0,0,1,0,0,0,0,0,0,0,0,0,0,0,0,0,1,0,0,0,0,0,0,0,0,2,0,0,0,0,0,0,0,0,0,0,1,0,0,0,0,0,0,0,0,0,0,1,0,0,0,0,0,0,0,0,1,0,0,0,1,0,0,0,0,0,0,0,0,0,0,0,0,0,0,0,0,0,0,0,0,0,0,0,0,0,0,0,1,0,1,0,0,0,0
user37,0,0,0,0,0,0,0,0,0,0,0,0,0,0,0,1,0,0,0,4,0,0,0,0,0,0,0,0,0,2,0,0,0,0,0,0,0,0,0,0,0,0,0,0,0,0,0,0,0,0,0,0,0,0,0,0,0,0,0,0,0,0,0,0,0,0,1,0,0,0,0,0,0,0,0,0,0,0,0,0,1,0,0,0,0,0,37,0,0,0,0,0,0,3,0,0,0,0,0,0,0,6,0,0,0,0,0,0,0,0,0,0,0,0,3,0,0,2,0,0,0,0,0,1,0,0,0,0,0,0,1,1,2,0,0,0,0,0,0,0,0,0,0,0,0,0,0,0,0,0,0,0,0,0,1,0,0,0,1,0,0,0,0,0,0,0,0,3,0,0,0,0,0,9,0,0,0,0,0,0,0,0,0,1,0,0,0,0,0,0,0,0,0,0,0,0,0,0,0,0,0,0,0,3,0,0,0,2,0,0,0,0,0,0,2,0,0,2,6,0,0,2,0,0,0,0,0,0,0,0,0,0,0,0,0,0,0,0,0,0,0,0,0,0,0,0,0,0,2,0,1,2,0,0,0
user38,0,0,0,0,0,0,0,0,1,1,0,0,0,0,0,0,0,0,0,0,0,0,0,0,0,0,0,1,0,0,0,0,0,0,0,0,0,0,0,1,0,0,0,0,0,1,0,0,0,0,0,0,0,1,0,0,1,0,1,0,1,0,0,0,0,0,0,0,0,0,0,0,0,0,0,0,0,1,0,0,0,0,0,0,0,0,0,0,0,0,0,0,0,0,0,0,1,0,0,0,0,0,0,0,0,0,0,0,0,0,0,0,0,0,0,0,0,1,5,0,0,0,0,0,0,0,0,0,1,0,0,0,0,0,0,0,0,0,0,0,0,0,0,0,0,0,0,0,0,0,0,0,0,1,0,0,0,0,0,0,0,0,0,0,0,0,0,7,0,0,0,0,0,0,0,0,0,0,0,0,0,0,0,0,0,0,0,0,0,0,0,0,0,0,0,0,0,0,0,0,0,0,0,12,0,0,0,0,0,0,0,0,0,0,0,0,0,0,0,0,0,0,0,0,0,0,0,0,0,0,0,0,0,0,0,0,0,0,0,0,0,0,0,0,0,0,0,0,10,0,0,1,0,0,0
user39,0,0,0,0,0,0,0,0,0,0,0,0,0,0,0,0,0,0,2,0,0,0,0,0,4,0,0,0,0,0,0,0,0,0,0,0,1,0,0,0,0,0,0,0,0,0,0,0,0,0,0,0,0,0,0,0,0,0,0,0,0,0,0,0,0,8,0,0,0,2,0,0,0,0,0,0,0,0,0,0,0,0,0,0,0,0,0,0,0,0,0,0,0,0,0,0,0,0,0,0,0,0,0,3,0,0,0,0,0,0,0,0,0,0,1,0,0,0,0,2,0,0,0,0,0,0,0,0,0,0,0,0,3,0,0,0,0,0,0,0,0,0,0,0,0,0,0,0,0,0,0,0,0,0,0,0,4,0,0,0,0,0,0,0,0,0,0,0,0,0,2,0,0,0,0,0,0,2,0,0,0,0,0,0,0,0,0,0,0,3,0,35,0,0,0,5,0,0,0,0,0,0,8,0,0,0,0,0,0,0,0,0,1,0,0,0,0,0,0,0,0,0,0,0,0,54,3,0,0,0,0,0,0,0,0,0,0,0,0,0,0,0,0,0,0,0,1,0,0,0,0,0,0,0,0
user40,0,0,0,0,0,0,0,0,3,0,1,0,0,0,0,1,9,0,8,0,0,2,0,0,0,0,0,0,8,0,0,0,0,1,0,0,0,0,0,1,0,0,0,3,0,0,0,0,6,0,0,2,0,0,0,1,0,3,1,16,0,0,0,0,0,2,0,0,0,2,0,6,0,0,1,0,0,0,0,0,0,0,0,0,0,0,0,5,0,0,3,0,0,0,0,15,0,0,1,0,6,0,0,0,0,1,0,0,0,0,3,0,0,3,0,0,0,1,0,3,0,0,0,0,1,0,0,0,0,1,0,0,0,0,22,0,0,0,1,0,0,0,0,1,7,0,0,0,0,1,0,0,0,0,0,0,0,0,0,0,0,0,4,0,11,0,0,9,0,0,0,0,0,0,0,12,0,0,0,0,0,0,5,0,1,0,6,0,0,0,0,0,0,0,0,1,0,2,0,0,0,0,2,0,0,1,0,10,0,7,20,0,0,0,0,0,0,0,0,0,0,0,0,0,0,0,0,0,0,0,0,0,0,0,0,0,0,0,0,0,0,0,0,0,0,0,8,0,4,0,0,0,0,0,0
user41,3,0,0,0,0,0,0,0,0,0,0,0,0,0,0,0,0,0,0,0,0,0,0,1,0,4,0,0,0,0,0,0,0,0,0,0,0,0,0,0,0,0,0,0,0,0,0,0,0,0,0,0,0,0,0,0,0,0,0,0,0,0,4,0,0,0,0,0,0,0,0,0,1,0,0,0,0,0,0,0,0,0,0,0,0,1,3,0,0,0,0,2,0,0,0,0,0,0,0,0,0,0,0,1,1,0,0,1,0,0,1,0,0,0,0,1,0,0,1,1,0,0,1,0,0,0,0,1,0,0,0,0,3,0,0,0,0,0,0,0,1,0,0,0,0,0,0,0,0,0,1,1,0,0,7,4,0,0,0,0,1,0,0,0,0,0,0,2,0,0,4,1,0,0,0,0,0,0,0,0,0,2,0,3,1,0,0,2,0,0,0,6,1,0,0,1,0,0,0,3,0,0,0,1,0,0,0,0,0,0,1,0,0,0,5,2,0,2,0,0,0,0,0,0,5,0,2,0,3,0,2,0,0,2,1,0,0,0,0,0,0,0,0,0,0,0,3,0,5,0,0,5,0,0,0
user42,0,0,0,0,0,0,0,0,0,0,0,0,0,0,0,0,0,0,0,0,0,0,3,0,0,0,0,0,0,0,0,0,0,0,0,0,0,0,0,0,0,0,0,1,0,5,0,0,0,0,0,0,0,0,0,0,0,0,0,0,0,0,0,0,0,0,0,0,0,0,0,0,0,0,0,0,0,0,0,0,0,0,0,0,1,0,0,0,0,0,0,0,0,0,0,0,0,0,0,0,0,0,0,0,0,0,0,0,3,0,0,0,0,0,0,0,0,0,0,1,0,0,0,0,0,0,0,0,0,0,0,0,0,0,0,0,0,0,0,0,0,0,0,2,0,0,0,0,0,0,0,0,2,0,0,0,0,0,0,0,0,0,0,0,0,0,0,0,0,0,0,0,0,0,0,0,0,0,0,0,0,0,0,0,0,0,0,0,0,0,0,0,0,0,0,0,0,0,0,0,0,0,0,0,0,0,0,0,0,0,0,0,0,0,0,0,0,0,0,0,0,0,0,0,0,0,0,0,0,0,0,0,0,0,0,1,0,0,0,0,0,0,0,0,0,0,0,0,0,0,0,0,0,0,0
user43,0,0,1,0,0,0,0,1,1,0,1,0,0,0,0,0,1,0,0,0,0,0,0,0,0,0,0,1,0,0,0,0,0,0,0,1,0,0,1,0,1,0,0,1,0,1,1,0,0,0,0,0,1,3,0,0,0,1,3,0,0,0,1,0,0,0,0,1,0,0,0,0,0,0,1,0,0,0,0,2,1,1,0,0,0,0,0,0,2,1,0,0,1,0,0,0,2,0,0,0,0,0,0,1,0,0,0,2,0,0,0,0,0,0,0,0,1,0,0,1,0,0,0,0,3,0,1,0,0,0,0,0,0,0,2,0,0,0,0,0,0,0,0,1,1,2,0,1,1,2,0,0,0,1,0,1,0,0,0,0,0,0,1,0,1,0,1,0,0,0,0,1,1,1,0,0,0,0,2,0,0,0,0,2,0,1,1,0,0,0,0,0,0,0,0,0,0,0,1,0,0,1,2,0,0,0,1,2,1,1,1,0,0,0,2,0,2,0,0,0,3,0,0,0,0,1,0,0,0,0,0,0,1,0,0,1,2,0,0,0,0,0,0,0,0,0,2,0,1,1,1,0,0,1,0
user44,3,0,26,0,0,0,0,0,0,0,0,0,0,0,0,0,0,0,0,0,0,0,0,0,0,0,0,0,0,0,0,0,9,0,0,0,0,0,0,0,0,0,0,0,0,0,0,0,0,0,0,0,0,0,0,0,0,0,0,0,0,0,0,0,0,0,0,0,0,0,0,0,0,0,0,0,0,0,0,0,0,0,0,0,0,0,0,0,0,0,0,0,0,0,0,0,0,0,0,0,0,0,0,0,0,0,0,0,0,0,0,0,0,0,0,0,0,0,6,0,0,0,0,0,0,0,0,0,0,0,1,0,0,0,0,0,0,0,0,0,0,0,0,0,0,0,0,0,0,0,0,0,0,0,0,0,0,0,0,0,28,0,0,0,0,5,0,78,0,0,3,0,0,1,0,0,0,0,0,0,0,0,0,0,0,0,0,0,0,0,0,4,0,0,0,0,0,0,0,0,0,0,0,0,0,0,0,0,0,0,0,0,0,0,8,0,0,0,0,0,0,0,0,0,0,0,6,0,25,0,2,0,0,0,0,0,0,0,0,0,0,0,0,0,0,0,0,0,13,0,0,59,3,0,0
user45,0,0,0,0,0,0,0,0,0,0,0,0,0,0,0,0,0,0,0,0,2,0,0,0,0,0,0,0,0,0,0,0,0,0,0,0,0,0,0,0,0,0,0,0,0,0,0,0,0,0,0,0,0,0,0,0,0,0,0,0,0,0,0,0,0,0,0,0,0,0,0,0,0,0,0,0,0,0,0,0,0,0,3,0,0,0,0,0,0,0,0,0,0,0,0,0,0,0,0,0,0,0,0,0,0,0,0,0,0,0,0,0,0,0,0,0,0,0,0,0,0,0,0,0,0,0,0,0,0,0,0,0,0,0,0,0,0,0,0,0,0,0,0,0,0,0,0,0,0,0,0,0,0,0,0,0,0,0,0,0,0,0,0,0,0,0,0,0,0,0,0,0,0,0,0,0,0,0,0,0,0,0,0,0,0,0,0,0,0,0,0,2,0,0,0,0,0,0,0,0,0,0,0,1,0,0,0,0,0,0,0,0,0,0,0,4,0,0,0,0,0,0,0,0,0,0,0,0,0,0,0,0,0,0,0,0,0,0,0,0,0,0,0,0,0,0,0,0,0,0,0,0,0,0,0
user46,0,0,0,0,0,0,0,0,0,0,0,0,0,0,0,0,0,0,0,3,0,0,0,0,0,1,0,0,0,0,0,0,0,0,0,0,0,0,0,0,8,0,0,0,0,0,0,0,0,0,0,0,0,0,0,0,0,0,0,0,0,0,0,0,0,0,0,0,0,0,0,0,0,1,0,0,1,0,0,0,0,0,0,0,0,0,0,0,0,0,0,0,0,0,4,0,0,0,0,0,0,0,0,0,0,0,0,8,0,0,0,0,0,0,0,0,0,0,0,0,0,0,0,0,0,0,0,0,0,0,0,0,0,0,0,0,0,1,0,0,0,0,0,0,0,0,0,0,0,0,0,0,0,0,0,0,0,0,0,0,0,0,0,0,0,0,0,2,0,0,0,0,0,0,0,0,0,0,0,0,0,0,0,0,0,0,0,0,0,0,0,0,0,0,0,0,0,0,0,0,0,0,0,0,0,0,0,0,0,0,0,0,0,0,0,0,0,0,0,0,0,0,0,0,0,0,0,0,0,0,0,0,0,0,0,0,0,0,0,0,0,0,0,0,0,0,0,0,0,1,0,0,0,0,0
user47,1,0,1,0,0,0,0,0,1,0,0,0,0,0,0,0,0,0,0,0,0,0,0,0,0,0,0,0,0,0,0,0,0,1,0,0,0,0,0,0,0,0,0,0,0,0,0,0,0,0,0,0,1,0,0,0,0,0,0,0,0,9,0,0,4,0,0,0,0,0,0,0,0,0,0,0,0,1,0,0,0,0,0,0,0,0,0,0,0,0,0,0,0,0,0,0,0,0,0,0,0,0,0,0,0,0,0,0,0,0,0,0,0,0,0,0,0,0,3,0,0,0,0,0,0,0,0,0,0,0,0,0,0,0,0,0,0,0,0,0,16,0,0,0,0,0,0,0,0,0,0,0,0,0,0,0,2,0,0,0,0,0,0,0,1,27,0,0,0,0,0,0,0,0,0,0,0,0,0,2,0,0,0,0,0,3,1,0,0,0,0,0,0,0,0,0,0,0,0,0,0,0,0,0,0,0,0,0,0,0,0,0,0,0,0,0,0,0,0,0,0,0,0,0,25,1,3,0,2,2,0,0,0,0,0,0,0,0,0,0,0,0,0,0,0,0,0,0,2,0,0,2,3,0,0
user48,0,0,0,0,0,0,0,0,0,0,0,0,0,0,0,0,0,0,0,0,0,0,0,0,0,0,0,0,0,0,0,0,0,0,0,0,0,0,0,0,0,0,0,0,0,0,2,0,0,0,0,0,0,0,0,0,0,0,0,0,0,0,0,0,0,0,0,0,0,0,0,0,0,0,0,0,0,0,1,0,0,0,0,0,0,1,0,0,0,0,0,1,0,0,0,0,0,0,0,0,0,0,0,0,1,0,0,0,0,0,1,0,0,0,0,0,0,0,0,0,0,0,0,0,0,0,0,0,0,0,0,0,0,0,0,0,0,0,0,0,0,0,0,0,0,1,0,0,0,0,0,0,0,0,0,0,0,1,0,0,0,0,0,0,0,0,0,0,0,0,0,0,0,0,0,0,0,0,0,1,0,0,0,0,0,0,0,0,0,0,1,0,0,0,0,2,0,0,0,0,0,0,0,0,0,0,0,0,1,0,0,0,0,1,0,0,0,0,0,0,0,1,0,0,0,0,0,0,0,0,0,0,0,0,1,0,0,0,0,0,0,1,0,0,0,0,0,1,0,0,0,0,0,1,0
user49,0,0,0,0,0,0,0,0,0,0,0,0,0,0,0,0,0,0,0,0,0,0,0,0,0,0,0,0,0,0,0,1,0,0,0,0,0,0,0,0,0,0,0,0,0,0,0,0,0,0,0,0,0,1,0,0,0,0,0,0,0,0,0,0,0,0,0,0,0,0,0,0,0,0,0,0,0,0,0,0,0,0,0,0,0,0,0,0,0,0,0,0,0,0,0,0,0,0,0,0,0,0,0,0,0,0,0,0,0,0,1,0,0,0,0,0,0,0,0,0,0,0,0,0,0,0,0,0,0,0,0,0,0,0,0,0,0,0,0,0,0,0,0,0,0,0,0,0,0,0,0,0,0,0,0,0,0,0,0,0,0,0,0,0,0,0,0,0,0,0,0,0,0,0,0,0,0,0,0,0,0,0,0,0,0,0,0,0,0,0,0,0,0,0,0,0,0,0,0,0,0,0,0,0,0,0,0,0,0,0,0,0,0,0,0,0,0,0,0,0,0,0,0,0,0,0,0,0,0,0,0,0,0,0,0,0,0,0,0,0,0,0,0,0,0,0,0,0,0,0,0,0,0,0,0
user50,0,3,0,0,0,2,0,0,0,0,0,0,0,0,0,0,0,0,0,0,0,2,0,0,0,0,0,0,0,0,0,0,0,0,0,2,0,0,0,0,0,0,0,0,0,0,1,0,0,0,0,0,0,0,1,0,0,0,3,0,2,0,0,0,0,0,0,24,0,0,0,0,0,0,0,0,0,0,0,0,0,0,0,0,0,1,0,0,0,0,0,0,0,0,1,0,0,1,0,0,0,0,2,2,0,0,0,0,0,0,0,1,0,0,0,0,0,0,0,3,0,0,0,0,1,0,0,0,0,0,0,1,0,0,0,0,0,0,0,0,0,0,0,2,4,0,0,8,0,8,0,0,0,3,0,0,0,0,0,0,0,0,0,0,0,0,0,4,0,0,0,1,3,0,0,2,9,0,0,0,0,0,0,0,0,0,4,0,0,0,0,0,1,0,0,0,0,0,0,0,0,4,0,0,0,0,0,0,0,0,0,0,0,0,2,0,0,0,0,0,0,0,3,1,0,4,0,0,0,0,0,0,0,0,2,2,4,0,0,0,0,0,5,0,0,0,0,0,0,0,0,0,3,0,0
user51,0,0,0,0,0,0,0,0,0,0,0,0,0,0,0,0,3,0,0,5,0,0,0,0,0,0,0,0,0,25,1,0,0,0,0,0,0,0,0,0,1,0,0,2,0,1,0,0,6,7,0,1,0,0,0,18,0,0,9,0,0,2,0,0,6,33,0,0,0,1,0,0,0,0,0,0,0,0,0,0,43,3,0,0,0,7,0,0,7,0,0,4,0,0,0,10,0,1,2,0,0,0,0,0,0,0,1,0,0,0,11,0,0,0,4,0,0,0,1,0,0,0,0,0,0,3,0,0,0,0,1,9,0,0,0,0,0,0,0,0,0,0,0,0,0,0,0,0,0,0,0,0,0,0,0,0,0,0,4,0,0,0,2,0,0,0,0,4,2,0,0,2,0,0,0,0,0,0,0,4,0,0,0,0,0,0,2,7,0,0,2,0,0,0,0,7,0,0,0,18,0,1,0,0,0,0,0,0,2,0,0,0,0,0,0,0,0,0,0,0,0,0,0,0,0,0,0,0,0,1,1,4,0,0,9,4,0,0,0,0,0,0,5,0,0,0,2,0,8,0,0,0,0,0,0
user52,4,0,1,0,0,0,1,0,0,0,0,2,0,0,0,0,0,5,0,3,0,0,0,0,0,0,0,0,0,1,0,0,0,0,1,0,0,0,0,0,0,0,1,0,0,0,0,0,0,2,0,0,0,0,0,0,0,0,0,0,0,0,0,0,0,0,0,0,0,0,0,0,0,0,0,0,0,0,4,0,0,0,0,0,4,0,0,0,0,0,0,0,0,0,0,0,0,0,0,0,0,0,0,0,6,0,0,3,0,0,0,3,0,0,10,0,0,2,0,0,0,0,21,7,0,0,0,0,6,0,0,0,0,0,0,0,0,0,0,0,0,0,12,0,0,0,0,0,0,1,0,0,0,1,47,2,0,4,0,0,0,2,0,0,0,0,0,2,0,0,0,0,0,0,2,0,0,0,0,33,0,0,1,0,0,0,0,0,0,0,0,0,0,1,0,2,0,0,0,2,0,0,0,13,0,0,0,0,0,0,0,0,1,0,3,0,0,0,1,0,0,0,0,0,2,0,1,0,0,0,1,0,0,0,0,0,0,0,3,3,0,2,0,0,0,0,2,0,0,0,0,15,0,11,0
user53,4,0,0,1,0,0,1,0,0,0,0,0,2,0,0,7,0,0,0,0,0,0,0,0,0,1,0,0,0,0,0,0,0,0,0,0,0,0,0,4,0,0,0,0,0,0,0,0,0,0,0,0,0,0,0,0,0,0,0,0,0,0,0,0,0,0,1,0,2,0,0,0,0,2,0,0,0,0,0,1,0,0,1,0,0,0,0,0,0,0,0,0,0,0,0,0,0,0,0,0,0,0,1,0,6,0,0,1,0,0,0,1,1,0,1,1,1,0,0,0,0,0,5,0,1,0,0,1,0,0,4,0,0,0,0,0,0,0,0,1,3,1,0,0,0,0,0,1,0,1,1,1,0,0,0,0,0,0,0,0,0,0,1,0,0,0,0,1,0,0,0,0,0,0,0,0,0,0,1,0,0,0,0,0,0,0,0,0,1,0,1,0,0,3,0,2,0,0,0,0,0,0,0,2,1,0,0,0,0,0,0,0,7,0,1,0,0,0,0,0,0,0,0,0,0,0,0,0,0,0,1,0,0,1,1,1,0,2,0,0,0,0,0,0,0,0,1,0,2,0,0,0,0,0,0
user54,0,0,0,5,0,0,0,0,0,0,2,0,0,0,0,0,33,0,6,0,59,0,30,3,0,0,2,0,0,0,0,0,70,0,0,0,0,0,0,0,0,0,0,31,0,0,0,0,0,0,0,0,0,0,0,0,0,0,0,0,0,0,0,0,0,0,0,0,0,0,0,6,1,0,0,0,0,0,0,0,0,0,8,0,14,0,0,6,0,0,0,0,0,0,0,0,5,0,0,0,0,0,0,0,0,0,0,43,0,0,0,42,0,0,0,0,0,0,4,0,0,0,0,3,0,0,0,0,0,0,1,0,0,0,0,0,0,0,0,0,0,0,0,0,0,0,1,0,0,0,0,0,0,5,0,0,0,0,6,0,3,0,0,0,0,0,0,0,0,0,0,0,0,0,1,0,0,0,2,0,0,0,10,0,0,0,0,0,0,77,0,0,1,8,1,0,0,2,0,0,0,0,0,0,0,0,0,0,0,0,0,0,0,0,4,6,0,0,0,27,2,0,0,0,13,1,4,0,0,0,2,0,19,0,0,0,0,0,0,101,22,0,0,0,0,0,0,0,31,0,0,0,0,6,0
user55,0,0,0,0,0,0,0,0,19,0,0,0,0,0,0,0,0,0,0,0,0,0,0,0,0,0,0,0,0,40,0,0,0,0,0,0,14,3,0,0,0,0,0,0,0,0,0,4,0,0,6,0,0,0,0,0,0,0,0,0,0,0,0,0,0,0,0,0,0,0,0,0,0,0,0,0,0,0,0,6,0,0,0,0,2,0,0,0,0,0,0,0,0,0,0,0,0,0,0,0,0,0,0,0,0,0,0,0,0,0,0,0,0,0,1,0,0,0,0,0,0,0,0,0,0,0,0,0,0,0,0,0,0,0,0,0,0,0,0,0,0,0,0,0,26,0,0,0,0,0,0,0,0,0,0,0,0,0,0,0,0,0,0,0,0,73,0,0,35,0,0,0,0,0,0,0,0,0,0,0,0,0,0,0,0,0,0,0,0,0,0,0,23,0,0,8,0,0,0,0,0,0,0,0,0,0,0,10,0,0,10,6,1,0,0,0,0,0,0,0,0,2,0,0,0,0,0,0,0,0,0,0,0,0,0,0,2,0,6,0,0,0,0,3,0,0,0,0,7,20,0,0,0,0,4
user56,0,0,0,0,0,0,0,0,0,0,0,0,4,0,0,3,0,0,0,0,0,0,0,0,0,0,0,0,0,0,0,0,0,0,0,0,0,0,1,0,0,0,0,0,0,0,0,0,0,0,0,0,0,1,0,0,0,0,0,0,0,0,3,0,0,0,0,0,0,0,0,0,1,0,0,0,0,0,0,0,0,0,0,0,0,0,3,0,0,0,0,0,0,0,0,0,0,0,0,0,0,0,0,0,0,9,0,0,0,0,0,0,0,0,1,1,0,0,0,0,0,0,0,0,0,0,0,0,0,0,0,0,0,0,1,0,0,0,0,0,0,1,0,0,0,0,0,5,0,11,0,0,0,2,6,0,0,0,0,0,0,0,0,1,0,0,0,0,0,0,0,0,0,0,0,0,0,0,0,0,0,0,0,0,2,0,0,1,0,0,0,0,2,0,0,0,0,16,0,0,0,0,0,7,0,0,0,0,0,0,0,0,0,0,1,0,2,0,1,0,0,0,0,0,0,0,0,0,0,0,1,0,0,0,0,0,3,0,0,0,0,0,0,0,0,0,0,0,1,0,0,8,2,2,0
user57,0,0,0,0,0,0,0,0,0,0,0,0,0,0,0,0,0,0,0,0,0,0,0,0,1,0,0,0,0,0,0,0,0,0,1,0,0,0,0,0,0,0,0,0,0,0,0,0,0,0,0,0,0,0,0,0,0,0,0,0,0,0,0,0,0,0,0,0,0,0,0,0,0,0,0,0,0,0,0,0,0,0,0,0,0,0,0,0,0,0,0,0,0,0,0,0,0,0,0,0,0,0,0,0,0,0,0,0,0,0,0,0,0,0,0,0,0,0,0,0,0,0,0,0,0,0,0,0,0,0,0,0,0,0,0,0,0,0,0,0,0,0,0,0,0,0,0,0,0,0,0,0,0,0,0,0,0,0,0,0,0,0,0,0,0,0,0,0,0,0,0,0,0,0,0,0,0,0,0,0,0,0,0,0,0,0,0,0,0,0,0,1,0,0,0,0,0,0,0,0,0,0,0,0,0,0,0,0,0,0,0,0,0,0,0,0,0,0,0,0,0,0,0,0,0,0,7,0,0,0,0,0,0,0,0,0,0,0,0,0,0,0,0,0,0,0,0,0,0,0,0,0,0,0,0
user58,0,0,0,0,0,1,0,0,0,0,0,0,0,0,0,0,0,4,0,0,0,0,0,0,0,0,0,0,0,0,0,0,0,0,0,0,0,0,0,0,0,0,0,0,0,0,0,0,0,0,0,0,0,0,0,0,0,0,0,0,0,0,0,0,0,0,0,0,0,0,0,0,0,0,0,0,7,0,0,0,0,0,0,0,0,0,0,0,1,0,0,0,0,0,0,0,0,0,0,0,0,0,0,0,0,0,0,0,0,0,10,0,0,6,0,0,0,0,0,0,0,0,0,0,0,0,0,0,0,0,1,0,0,0,0,0,0,0,8,0,0,0,0,0,0,0,0,0,0,0,6,0,0,7,0,0,2,0,0,0,0,3,0,0,0,0,4,0,0,0,0,0,0,0,4,0,0,0,0,0,0,0,0,0,0,0,0,0,0,0,0,0,0,0,0,0,0,0,0,0,0,0,0,0,0,0,0,0,0,0,0,0,0,0,0,0,0,0,1,0,0,3,0,1,0,0,0,0,0,0,0,0,0,0,0,0,0,0,0,0,0,0,0,0,0,0,0,0,1,0,0,0,0,0,0
user59,0,0,0,3,0,0,0,3,0,0,0,0,0,0,0,1,1,0,0,0,0,0,2,4,0,0,0,0,0,0,0,0,0,0,0,0,1,2,0,2,0,0,0,0,4,0,2,2,0,0,0,0,0,0,0,0,0,1,1,0,0,0,0,0,0,0,0,0,2,0,5,0,1,1,0,0,0,1,1,2,4,0,0,2,0,2,0,0,0,1,0,1,0,1,0,0,1,0,2,3,0,0,0,0,0,0,0,0,1,0,0,0,0,0,2,0,0,0,0,0,0,1,0,0,0,0,0,1,2,2,0,0,0,0,0,0,0,0,0,0,0,1,1,0,0,3,0,0,0,0,1,1,0,1,0,1,2,1,0,0,0,0,0,0,0,0,0,5,0,0,0,0,0,1,0,0,0,0,0,0,0,0,0,0,0,0,1,0,1,1,0,0,1,0,0,5,0,0,1,0,0,0,0,2,0,0,0,0,1,0,0,2,0,1,0,0,0,1,0,0,0,0,0,1,1,0,0,0,0,0,0,0,0,1,3,0,0,0,0,0,0,0,0,0,0,0,5,0,8,1,1,0,0,0,0
user60,0,0,0,0,0,2,2,0,0,0,0,0,0,4,0,0,0,0,0,0,1,0,0,4,0,0,0,0,0,0,0,0,1,2,0,5,3,0,1,0,0,0,0,1,0,4,0,1,2,0,0,0,0,0,0,1,5,0,3,0,0,0,0,0,0,4,0,0,0,0,0,1,12,0,0,16,0,0,0,0,1,5,1,0,0,1,1,1,0,0,0,1,0,0,0,1,0,0,1,0,0,0,0,3,0,0,0,0,1,3,0,0,0,0,0,0,0,0,0,0,0,0,1,0,0,0,0,0,0,0,0,0,0,0,4,2,1,0,0,0,0,2,0,0,0,1,0,0,0,2,0,2,6,1,0,0,0,0,0,0,1,10,1,0,1,0,1,1,0,0,0,0,0,4,0,0,1,1,0,0,0,4,0,0,1,0,2,0,0,0,0,0,0,2,0,1,1,0,0,0,0,0,0,1,2,0,0,1,0,0,0,0,4,2,0,8,0,0,0,0,0,7,3,1,0,0,0,0,0,0,0,0,1,0,1,2,1,0,1,0,8,0,3,0,3,1,1,0,3,1,0,0,0,0,0
user61,0,0,0,0,0,2,2,0,0,0,0,0,0,4,0,0,0,0,0,0,1,0,0,4,0,0,0,0,0,0,0,0,1,2,0,5,3,0,1,0,0,0,0,1,0,4,0,1,2,0,0,0,0,0,0,1,5,0,3,0,0,0,0,0,0,4,0,0,0,0,0,1,12,0,0,16,0,0,0,0,1,5,1,0,0,1,1,1,0,0,0,1,0,0,0,1,0,0,1,0,0,0,0,3,0,0,0,0,1,3,0,0,0,0,0,0,0,0,0,0,0,0,1,0,0,0,0,0,0,0,0,0,0,0,4,2,1,0,0,0,0,2,0,0,0,1,0,0,0,2,0,2,6,1,0,0,0,0,0,0,1,10,1,0,1,0,1,1,0,0,0,0,0,4,0,0,1,1,0,0,0,4,0,0,1,0,2,0,0,0,0,0,0,2,0,1,1,0,0,0,0,0,0,1,2,0,0,1,0,0,0,0,4,2,0,8,0,0,0,0,0,7,3,1,0,0,0,0,0,0,0,0,1,0,1,2,1,0,1,0,8,0,3,0,3,1,1,0,3,1,0,0,0,0,0
user62,0,0,0,2,0,0,0,0,0,0,1,0,0,0,1,0,0,0,0,0,0,0,0,2,2,0,3,0,1,0,1,0,0,0,0,0,0,1,0,0,0,0,0,0,0,0,1,0,0,0,0,0,0,0,0,0,0,0,0,0,0,0,0,0,0,0,0,0,1,7,0,0,0,0,0,0,0,0,0,0,0,0,0,0,0,0,0,0,0,0,2,0,0,0,0,0,0,0,0,0,2,0,0,0,4,0,0,0,0,1,3,0,0,0,0,3,0,0,0,0,0,0,0,0,4,0,0,0,0,0,0,0,0,0,0,0,0,0,13,1,0,0,0,0,0,2,0,0,0,0,0,0,2,1,0,2,0,1,2,0,0,0,0,0,0,0,0,0,0,1,0,0,0,0,0,0,0,0,1,1,0,0,1,1,0,0,2,0,0,1,0,0,1,0,0,0,1,0,0,0,1,0,0,1,0,0,0,0,0,0,0,0,1,0,0,0,0,0,0,0,2,0,1,0,0,1,0,0,0,0,0,0,0,1,2,0,0,0,0,1,0,1,0,0,3,1,0,1,7,0,0,2,1,0,0
user63,0,0,12,0,0,0,0,0,0,0,0,0,0,0,0,0,0,1,0,0,0,0,0,0,0,0,0,0,0,0,0,0,0,0,0,0,0,0,0,0,2,0,0,0,0,0,0,0,0,0,0,0,0,0,0,0,0,0,0,0,0,0,0,0,0,0,0,0,0,0,0,0,0,0,0,0,0,3,0,0,0,0,0,0,0,0,0,0,0,0,0,0,0,0,0,0,0,0,0,0,0,0,0,0,0,0,0,0,0,0,0,0,0,0,0,0,0,1,1,0,0,0,0,0,0,0,0,0,0,0,15,0,0,0,0,0,0,0,0,0,0,0,0,0,0,0,0,0,0,0,0,0,0,2,0,0,0,0,0,0,0,0,0,0,0,0,0,0,0,1,0,0,0,0,0,0,0,0,0,0,0,0,0,0,0,5,0,0,0,0,0,0,0,0,0,0,0,0,0,0,0,0,0,0,0,0,0,0,0,0,0,0,0,0,0,0,0,0,0,0,0,0,0,0,0,0,0,0,1,0,3,7,0,0,0,0,0,0,0,0,0,0,0,0,0,2,0,0,12,0,0,1,3,2,0
user64,0,0,0,0,0,4,0,0,0,0,0,0,0,0,0,0,0,0,0,0,0,0,0,0,2,0,0,0,0,0,0,1,0,0,7,0,0,0,0,0,0,0,0,0,0,0,0,0,0,0,1,0,0,0,0,0,0,0,0,0,0,10,7,0,0,0,0,0,3,0,0,0,0,0,9,0,0,0,0,0,3,0,0,0,0,14,0,0,0,0,0,0,0,0,0,0,0,0,0,0,0,0,0,2,0,0,0,3,0,0,29,0,6,0,1,0,1,0,0,0,1,13,37,0,0,0,0,0,0,0,0,0,6,0,0,0,0,0,0,0,0,10,16,0,0,0,1,0,0,0,0,0,0,2,0,2,7,0,1,0,20,0,0,0,0,0,0,0,17,0,1,5,4,0,0,0,0,0,0,0,0,0,0,0,0,0,0,2,0,0,0,0,0,0,0,0,0,0,0,4,0,0,0,0,12,0,0,0,0,0,0,0,3,0,1,20,0,0,0,0,0,0,0,0,0,0,4,0,9,0,0,0,0,0,2,0,0,0,25,0,0,0,0,0,5,0,0,0,0,0,0,4,5,0,7
user65,0,0,0,0,0,0,0,0,0,0,0,0,0,5,0,0,0,0,0,1,0,0,0,1,0,0,0,0,0,0,0,0,0,0,0,0,0,0,3,0,0,0,0,0,0,0,0,0,0,0,0,0,0,0,0,0,0,0,0,0,0,1,0,0,1,0,1,1,5,0,0,0,7,0,0,0,1,0,0,0,2,0,0,0,0,5,3,0,0,0,0,0,0,0,0,0,0,2,0,0,0,0,6,0,0,0,0,0,0,0,0,0,0,0,0,0,0,0,0,0,0,0,0,0,0,12,0,0,0,0,0,0,7,1,0,0,0,0,0,0,0,0,0,1,0,1,0,0,0,0,1,0,0,1,0,0,0,0,0,0,0,0,0,0,0,0,0,1,0,0,0,4,0,0,0,6,0,0,0,0,0,0,0,0,0,0,0,0,0,0,0,0,0,0,1,3,4,0,0,2,0,0,0,0,0,0,0,0,0,0,0,1,0,0,0,0,0,0,0,3,0,0,0,0,0,0,0,0,0,0,0,0,0,0,7,0,0,0,2,0,0,0,0,2,0,1,1,0,0,0,0,0,1,0,0
user66,0,0,0,1,0,0,0,0,0,0,0,0,0,0,0,0,0,0,0,0,0,0,0,0,0,0,0,0,0,0,0,0,0,0,0,0,0,0,0,0,1,0,0,0,0,0,0,0,0,0,0,0,0,0,0,0,0,0,0,0,0,0,0,0,0,0,0,0,0,0,0,0,0,0,0,0,0,0,0,0,0,0,0,0,0,0,0,0,0,0,0,0,0,0,0,0,0,0,0,0,0,0,0,0,0,0,0,0,0,0,0,0,0,0,0,0,0,0,0,0,0,0,0,0,0,0,0,0,0,0,2,0,0,0,0,0,0,0,0,1,0,0,0,0,0,0,0,0,0,0,0,0,0,0,0,0,0,0,0,0,0,0,0,0,0,0,0,0,0,0,0,0,0,0,0,0,0,0,0,0,0,0,0,0,0,0,0,0,0,0,0,0,0,1,0,0,0,0,0,0,0,0,0,0,0,0,0,0,0,0,0,0,1,0,2,0,0,1,0,0,0,0,0,0,0,0,0,0,0,0,0,0,0,0,0,0,1,0,0,0,0,0,0,0,0,0,0,0,0,0,0,0,0,0,0
user67,0,21,0,1,0,0,0,0,0,0,0,0,0,0,0,0,0,0,0,0,0,0,0,0,0,0,0,0,0,0,0,0,0,6,0,0,0,0,0,0,0,0,0,0,0,0,0,0,0,11,0,0,8,0,0,0,0,0,0,0,0,0,0,3,0,0,0,0,0,0,0,0,0,0,0,0,0,5,0,0,0,0,0,24,0,0,0,0,0,0,0,22,0,0,0,0,0,0,0,0,0,0,2,0,0,0,0,0,0,3,0,41,10,0,17,0,0,0,0,0,4,0,0,8,0,0,0,16,0,0,0,0,0,0,0,3,0,0,0,0,0,0,4,0,0,0,0,0,0,15,1,0,0,1,0,0,0,0,0,0,0,0,1,0,0,0,0,0,0,0,0,0,0,0,5,0,0,0,0,0,0,0,0,0,0,0,0,0,0,0,38,0,0,0,0,38,11,0,0,0,0,0,0,7,2,0,0,0,0,0,0,0,44,18,14,0,0,16,0,0,0,0,0,0,4,0,0,0,0,0,0,0,0,0,23,0,0,0,0,5,0,0,0,0,0,0,35,0,9,0,4,0,0,0,0
user68,0,0,0,2,0,0,0,1,0,0,0,1,1,4,0,0,0,0,1,0,3,0,0,0,0,51,0,0,0,4,0,0,2,0,16,0,0,0,0,0,0,0,0,0,0,0,0,0,0,0,1,0,0,0,2,0,0,0,12,0,0,0,0,2,0,0,0,0,0,0,0,0,4,1,0,0,0,0,0,2,0,0,0,1,0,0,0,0,0,0,1,0,0,0,0,0,1,0,0,0,0,1,0,10,0,3,0,0,0,0,0,0,0,0,9,0,0,0,0,16,3,1,2,0,0,1,2,0,2,5,4,22,0,0,0,7,0,0,2,29,2,20,0,0,3,0,6,0,2,3,0,1,3,0,1,3,2,0,7,3,1,3,0,4,0,0,0,8,2,4,5,0,0,1,2,2,0,1,0,0,1,14,0,0,0,4,0,1,1,0,0,0,0,3,1,0,0,2,0,0,0,0,0,2,0,0,0,1,1,0,0,1,5,0,0,1,0,2,6,0,0,0,0,0,0,36,0,16,1,2,1,0,0,2,4,0,0,0,0,0,0,0,0,0,0,0,0,0,13,1,4,3,0,1,1
user69,0,0,0,0,0,0,0,0,0,0,0,0,0,0,0,0,6,0,0,0,0,0,0,8,0,0,0,0,0,0,0,0,0,0,0,0,0,0,0,0,1,0,0,0,15,0,0,0,0,16,0,0,0,0,0,0,0,0,0,0,0,0,0,0,0,0,0,0,12,0,10,0,0,0,0,0,0,0,4,0,50,0,0,10,0,8,0,0,0,0,0,10,0,0,0,0,0,0,2,0,0,0,0,0,1,0,0,0,0,0,0,0,0,0,0,2,23,0,0,0,0,0,0,0,0,0,0,0,0,0,0,0,11,14,0,8,0,0,0,0,0,0,0,0,0,3,0,0,0,0,0,0,1,5,0,0,19,0,0,0,0,0,0,0,0,0,0,7,0,0,0,0,0,7,0,0,0,0,0,15,0,0,0,0,0,0,0,0,0,0,0,0,0,0,0,15,0,0,0,8,0,0,0,0,0,0,9,0,0,0,0,0,0,0,0,0,0,0,0,0,0,0,0,0,0,0,1,0,0,0,0,0,0,0,3,0,8,0,0,0,0,0,0,0,0,0,6,0,0,0,0,0,0,44,0
user70,0,3,0,0,0,0,0,0,0,0,0,0,0,2,0,0,0,15,0,15,18,0,0,0,0,0,0,0,0,0,4,0,0,0,0,0,0,0,0,0,0,24,10,0,0,0,0,0,0,0,0,0,0,0,0,2,0,0,0,0,0,0,0,0,0,0,0,1,4,0,0,0,0,0,0,0,0,0,0,0,0,0,0,0,0,0,11,0,0,2,0,0,0,0,0,0,0,0,0,31,0,0,2,0,6,0,0,0,0,0,0,0,0,2,0,0,0,0,0,0,0,0,0,0,0,0,1,0,0,0,0,0,0,0,0,0,0,0,30,0,0,0,0,0,0,1,0,0,0,0,0,0,1,0,0,0,0,12,3,0,0,16,0,0,0,0,0,25,0,0,0,0,0,0,0,1,0,0,0,0,0,0,0,1,0,0,0,0,0,0,0,0,0,0,0,0,0,0,0,2,0,0,0,0,0,1,0,0,0,4,0,0,1,2,0,0,0,0,0,0,0,0,1,0,0,0,0,0,0,0,0,0,0,0,8,0,0,0,2,0,0,0,4,11,0,2,0,0,0,0,0,0,0,0,0
user71,0,0,0,0,0,0,0,0,0,0,0,0,0,2,0,0,4,0,0,0,0,4,0,0,0,0,0,0,0,0,0,0,0,0,0,1,0,0,0,0,0,0,0,0,0,0,3,0,0,0,0,0,0,0,0,0,0,0,0,0,0,0,0,0,0,11,0,0,0,0,0,0,2,0,0,0,0,0,0,0,0,2,0,0,0,0,0,0,0,0,0,0,0,0,0,1,0,0,0,0,0,0,0,0,1,0,0,0,0,0,0,0,0,0,0,0,0,0,0,0,0,0,0,0,0,0,0,0,0,0,0,0,0,0,0,0,0,0,0,0,0,0,0,0,0,0,0,0,0,0,0,0,1,0,0,0,0,1,0,0,0,0,0,0,0,0,0,0,0,5,0,0,0,0,0,0,0,0,0,0,0,0,0,0,0,0,0,0,0,0,0,0,0,0,0,0,0,0,0,0,0,0,0,0,0,0,0,0,1,1,0,0,0,0,0,0,0,0,0,0,0,0,0,0,0,0,0,0,0,0,0,0,0,0,0,0,0,0,0,0,4,0,0,0,0,0,0,1,0,0,0,0,0,1,0
user72,0,0,0,0,0,0,0,0,0,0,0,0,0,0,0,3,0,0,0,0,0,0,0,0,0,0,0,0,0,0,0,3,0,0,0,0,21,3,0,0,0,0,0,0,0,0,0,0,0,1,0,0,0,0,0,0,0,0,0,0,0,29,0,0,28,0,0,0,0,0,0,0,2,0,0,0,0,0,0,0,1,0,0,1,0,0,0,0,0,0,0,13,0,9,0,0,0,0,1,0,0,0,0,0,0,0,3,0,0,0,9,0,2,0,3,0,0,0,0,0,0,0,1,0,0,0,0,2,0,0,1,10,1,1,0,2,1,0,0,0,0,8,0,0,0,0,0,0,0,0,9,3,0,0,0,0,0,0,0,1,0,0,0,1,0,8,0,0,0,1,1,0,0,6,1,0,0,1,0,8,0,0,0,0,0,0,0,0,0,0,4,0,0,3,0,2,0,14,0,9,0,0,0,0,0,0,0,0,0,0,0,0,0,0,0,13,0,0,1,0,0,0,0,0,0,6,0,1,2,0,0,15,0,0,12,0,0,0,2,0,0,0,0,0,0,2,2,0,16,0,0,4,1,0,1
user73,0,0,0,0,0,0,0,0,0,0,0,0,1,0,0,0,0,0,0,0,0,0,0,0,0,0,0,0,0,1,0,0,0,0,0,0,0,0,0,0,0,1,1,0,0,0,0,0,0,0,0,0,0,0,0,0,0,0,0,0,0,0,4,0,0,0,0,0,0,0,0,0,0,0,0,0,0,0,0,0,0,0,0,0,0,0,0,0,0,0,0,0,0,0,0,0,2,0,0,0,0,0,0,0,3,0,0,0,0,0,1,1,0,0,2,0,0,0,0,0,1,1,0,0,0,0,0,1,2,0,0,0,0,0,0,0,0,0,0,0,0,0,0,0,0,0,0,0,0,0,0,0,0,1,0,0,0,2,0,0,0,0,0,0,0,1,0,0,0,0,0,0,0,1,0,0,0,0,0,0,0,0,0,0,0,0,1,0,0,5,0,0,0,0,0,0,0,0,0,0,0,0,0,0,1,0,0,0,0,0,0,0,0,0,0,0,0,0,0,1,0,0,0,0,3,0,0,0,0,0,0,0,0,0,1,0,1,0,0,0,0,0,0,0,0,0,0,1,0,0,0,0,0,1,0
user74,0,0,0,0,2,0,0,1,5,0,1,0,1,0,1,2,0,0,7,51,0,0,36,0,0,0,0,4,5,20,8,1,0,0,0,0,0,16,0,6,0,0,0,0,1,5,0,13,0,0,61,0,3,3,11,0,5,10,4,0,2,0,0,3,0,0,0,1,2,0,0,0,1,1,0,0,0,0,0,16,0,0,0,8,126,2,0,0,2,5,5,0,0,31,0,0,0,0,0,3,3,3,1,0,0,0,0,0,3,1,1,7,0,0,2,2,0,14,0,0,11,0,5,2,0,0,0,0,6,2,3,0,2,0,1,7,0,0,0,1,0,1,0,0,0,6,0,1,11,2,0,58,0,3,0,3,0,0,0,0,0,0,0,3,0,6,0,95,18,2,0,0,0,10,11,1,0,0,0,0,12,1,1,0,0,0,0,0,5,0,0,0,0,0,0,0,0,5,0,2,0,0,0,2,1,0,0,48,0,0,22,70,0,0,2,1,1,0,1,1,0,1,0,2,1,1,0,0,0,0,1,1,0,0,0,0,0,0,3,0,0,0,1,0,0,0,0,0,30,7,1,8,0,1,0
user75,0,0,0,11,0,0,0,0,0,0,0,40,0,1,0,0,0,0,0,1,0,0,0,14,0,0,0,1,0,0,4,0,0,0,1,0,2,0,0,0,54,1,0,0,0,0,0,0,0,0,0,0,44,0,0,0,0,0,0,5,0,15,0,0,4,0,0,0,0,0,0,0,0,0,0,0,13,0,0,0,2,6,0,2,5,0,3,0,0,1,0,5,0,0,11,0,0,0,0,0,0,0,0,0,2,0,2,0,0,4,3,0,0,0,0,0,0,0,0,0,3,0,0,3,0,0,0,5,0,0,0,0,0,0,0,0,0,0,0,0,0,92,0,0,0,5,0,0,0,0,0,1,0,11,0,37,2,3,0,1,0,0,0,2,0,0,0,82,0,0,0,6,0,0,0,7,0,0,1,0,0,0,0,2,1,0,0,0,0,0,4,0,0,0,0,7,11,0,0,0,2,10,0,57,0,0,0,0,0,1,0,0,0,0,0,0,0,0,0,0,0,1,0,1,0,5,0,0,0,0,0,2,3,0,3,0,0,2,1,0,0,0,0,1,0,0,25,0,7,0,0,5,0,7,0
user76,2,0,0,0,0,0,0,0,24,5,0,0,0,0,5,0,0,1,0,0,2,0,0,0,0,0,0,22,0,0,0,0,0,1,0,0,1,3,0,15,0,0,0,0,0,14,0,0,0,1,0,0,0,13,0,0,12,0,10,0,9,0,0,0,0,0,0,0,0,0,0,0,0,0,0,0,0,0,0,0,0,0,0,0,0,0,0,0,0,0,0,0,2,0,0,0,0,0,0,0,0,0,0,0,0,0,0,0,0,0,0,0,0,0,0,2,0,0,0,0,0,1,0,0,0,0,0,0,0,1,0,0,0,0,0,0,0,0,0,0,0,0,0,0,0,0,0,0,0,0,1,0,0,0,0,13,0,0,0,0,0,0,0,0,0,0,0,0,0,0,0,0,0,0,3,17,0,0,0,0,0,0,0,0,0,0,0,0,0,0,0,0,0,0,0,0,0,0,0,0,0,0,0,0,0,0,0,0,0,0,0,0,0,0,1,0,0,0,0,0,0,0,0,0,0,0,0,0,0,0,0,0,0,0,0,0,0,0,0,0,0,0,0,0,0,0,0,0,0,0,0,0,0,0,0
user77,0,0,0,0,0,0,0,0,0,1,0,0,0,0,1,0,0,1,0,0,0,0,0,0,0,0,0,1,0,0,0,0,0,0,0,0,0,0,0,0,0,0,0,0,0,1,0,0,0,0,1,0,0,0,0,0,1,0,1,0,0,0,0,0,0,0,0,0,0,0,0,0,0,0,0,0,0,0,0,0,0,0,0,0,0,0,0,0,0,0,0,0,0,0,0,0,0,0,0,0,0,0,0,0,0,0,0,0,0,0,0,0,0,0,0,0,0,0,0,0,0,0,0,0,0,0,0,0,0,0,0,0,0,1,0,0,0,0,0,0,0,0,0,0,0,0,0,0,0,0,0,0,0,0,0,0,0,0,0,0,0,0,0,0,0,0,0,0,0,0,0,0,0,0,0,0,0,0,0,0,0,0,0,0,0,0,0,0,1,0,0,0,0,0,0,0,0,0,0,0,0,0,0,0,0,0,0,0,0,0,0,0,0,0,0,0,0,0,0,0,0,0,0,0,0,0,0,0,0,0,0,0,0,0,0,0,0,0,0,0,0,0,0,0,0,0,0,0,0,0,0,0,0,0,0
user78,1,0,0,0,1,1,0,4,0,0,2,0,2,0,0,0,0,0,0,0,0,0,3,0,0,18,0,1,0,0,1,0,0,0,0,0,1,0,0,0,0,0,0,0,1,1,0,0,0,0,1,0,0,1,0,0,1,1,2,0,0,0,0,0,0,0,0,0,0,0,0,0,0,0,0,0,0,0,0,3,0,0,0,0,16,0,0,0,1,3,0,0,0,0,0,0,0,0,0,3,0,0,0,0,1,0,0,0,0,0,0,1,0,0,0,2,0,0,0,0,0,0,1,0,0,0,1,0,1,6,4,0,0,0,1,0,0,1,0,0,0,0,0,0,0,2,0,0,1,0,0,0,0,1,0,1,0,0,0,0,0,0,0,0,0,0,0,16,0,0,0,0,0,2,1,0,0,0,0,0,0,0,0,0,0,0,0,0,28,0,0,0,0,1,0,1,0,0,1,0,0,1,0,0,0,0,0,32,0,0,27,2,0,0,0,0,0,0,0,0,0,0,0,0,0,0,0,0,0,0,0,1,0,0,1,0,0,0,1,0,0,0,0,5,0,17,0,0,8,0,0,1,0,0,0
user79,0,0,0,0,0,0,0,0,0,0,0,0,0,0,0,0,0,0,0,0,0,0,1,1,0,0,0,0,0,0,0,0,0,0,0,0,0,0,0,0,3,0,0,0,0,0,0,0,0,0,0,0,0,0,3,0,0,0,0,0,0,0,2,1,0,0,0,0,0,0,0,4,0,0,0,0,0,0,0,0,0,0,0,0,0,0,0,5,0,0,0,0,0,5,0,0,0,0,0,0,0,0,0,0,1,0,0,0,0,0,0,0,0,0,0,0,0,0,0,0,1,2,0,0,0,0,0,0,0,0,0,0,0,0,0,8,0,0,0,3,0,0,2,0,0,0,1,0,3,1,0,0,0,0,0,1,1,0,0,0,0,0,0,0,0,0,0,0,0,0,0,1,0,5,0,0,0,0,0,0,3,0,0,0,0,0,0,0,0,0,0,0,0,1,0,0,2,0,2,0,0,0,0,0,0,0,0,0,0,0,0,0,0,0,0,0,0,0,0,0,0,0,2,0,0,0,0,0,0,0,0,0,0,0,2,2,0,0,0,0,0,0,0,0,3,0,0,0,2,0,0,4,0,0,0
user80,0,0,0,0,0,0,0,0,0,0,0,0,0,0,0,0,0,0,0,0,0,0,0,0,0,0,0,11,0,0,0,0,0,0,0,0,0,0,0,0,0,0,0,0,0,0,0,0,0,0,0,0,0,0,0,0,0,0,0,0,0,0,0,0,0,0,0,0,0,0,0,0,0,0,0,0,0,0,0,0,0,0,0,0,0,0,0,0,0,0,0,0,0,0,0,0,0,0,0,0,0,0,0,0,0,0,0,0,0,0,0,0,0,0,0,0,0,0,0,0,0,0,0,0,0,0,0,0,0,0,0,0,0,0,0,0,0,0,0,0,0,0,0,0,0,0,0,0,0,0,2,0,0,0,0,0,0,0,0,0,0,0,0,0,0,0,0,0,0,0,0,0,0,0,0,0,0,0,0,0,0,0,0,7,0,0,0,0,0,0,0,0,0,3,0,0,0,0,0,0,7,0,0,0,0,0,0,0,0,0,0,0,0,0,0,0,0,0,0,0,0,0,0,0,0,5,0,0,0,0,0,0,0,0,0,0,0,7,0,0,0,0,0,0,0,0,0,0,0,0,0,0,0,0,0
user81,0,0,0,0,0,0,0,0,0,0,0,0,0,0,0,0,0,0,0,0,0,0,0,0,0,0,0,0,0,0,0,0,0,0,0,0,0,0,0,0,0,0,0,0,0,0,0,0,0,0,0,1,0,0,0,0,0,0,0,2,0,0,0,0,0,0,0,0,0,0,0,0,0,0,0,0,0,0,0,0,0,0,0,0,0,0,0,0,0,0,0,0,0,0,0,0,0,0,0,0,0,0,0,0,0,0,0,0,1,0,0,0,0,0,0,0,0,0,0,0,0,0,0,0,0,1,0,0,0,0,0,0,0,0,0,0,0,0,0,0,0,0,0,0,0,0,2,0,0,0,0,0,0,0,1,0,0,0,0,0,0,0,0,0,0,0,0,0,0,0,0,0,0,0,0,0,0,0,0,0,0,0,0,0,0,0,0,0,0,0,0,0,0,0,0,0,0,0,0,0,0,2,0,0,0,0,0,0,0,0,0,0,0,0,0,0,0,0,0,0,0,0,0,0,0,0,0,0,0,0,0,0,0,0,0,0,0,0,0,0,0,0,0,0,0,0,0,0,0,0,0,0,0,0,0
user82,0,0,0,0,0,0,0,0,0,0,0,0,0,0,0,0,1,0,4,0,0,0,0,3,0,0,0,0,0,1,2,4,0,0,0,0,20,0,0,0,0,0,0,0,4,0,0,0,0,0,0,0,0,1,0,0,0,2,0,0,0,0,0,0,0,0,0,0,0,0,11,0,27,0,0,0,5,0,0,0,0,0,0,0,0,0,0,0,0,1,0,0,9,0,4,9,2,0,0,3,0,0,0,0,0,0,0,0,0,0,9,0,0,0,0,0,0,0,0,1,0,1,0,0,0,0,0,0,0,0,8,0,0,0,0,0,40,0,0,0,0,0,0,0,1,1,0,0,0,2,6,0,0,0,0,0,0,0,0,0,0,0,8,0,0,0,0,0,0,0,0,0,0,0,10,0,0,0,0,0,0,0,0,0,0,0,0,0,0,0,0,0,0,0,0,0,0,0,0,0,3,0,0,1,0,0,6,0,0,1,0,0,0,0,0,0,0,0,0,0,0,0,0,0,1,4,0,0,0,0,0,0,0,0,0,2,0,0,0,0,0,0,0,0,0,0,6,0,15,0,0,11,0,0,0
user83,0,0,0,0,0,0,0,0,0,0,0,0,0,0,0,0,0,0,0,1,0,0,0,0,2,0,0,0,0,0,0,0,0,0,0,0,0,0,0,0,0,0,0,0,0,2,0,0,0,0,0,0,8,0,0,0,0,0,1,0,1,0,0,0,0,5,0,0,0,0,0,0,0,1,0,2,0,0,0,10,1,0,0,0,0,0,0,0,0,3,0,0,0,0,1,0,0,0,0,1,0,0,0,0,17,0,0,0,0,0,0,0,0,0,0,0,0,0,2,0,5,0,0,5,0,0,0,0,1,0,3,0,0,0,0,0,0,0,0,0,0,1,0,0,0,0,0,0,0,0,0,2,0,12,0,0,1,8,0,2,0,0,0,0,0,0,0,1,0,0,0,0,0,0,10,3,0,0,0,0,0,0,1,0,0,0,0,0,0,2,0,0,0,0,0,0,0,0,0,0,0,0,0,2,0,0,0,0,0,0,0,0,0,1,1,0,0,0,0,0,0,1,0,0,0,2,0,0,1,1,0,0,0,0,0,0,0,0,0,0,0,2,0,0,0,0,0,15,15,0,0,1,1,12,8
user84,0,0,0,31,0,0,0,0,0,0,0,0,0,0,0,0,3,0,0,0,0,0,0,0,0,0,0,0,0,0,0,0,0,0,7,0,0,0,0,0,0,0,0,0,0,0,0,0,0,0,0,0,0,0,0,0,0,0,0,0,0,0,0,0,4,0,0,0,0,0,0,0,0,0,0,0,0,0,0,0,0,0,0,0,0,0,0,0,0,0,0,0,0,0,0,0,0,0,0,0,0,0,0,0,0,0,0,0,0,0,0,0,0,0,0,0,0,0,0,0,0,0,0,0,0,0,0,0,0,0,0,0,0,0,0,0,0,0,0,0,18,0,0,0,0,0,0,0,0,0,0,0,0,14,7,0,0,0,0,0,0,0,0,1,0,20,0,0,0,0,0,0,0,0,0,0,0,0,0,0,0,0,0,0,0,0,0,23,0,0,0,0,2,0,0,0,0,0,0,0,0,0,0,0,0,0,0,0,0,0,0,0,0,0,0,0,0,0,23,0,0,0,0,0,0,0,2,0,1,0,0,0,0,25,0,0,44,0,0,0,0,0,0,0,0,0,0,0,0,0,0,1,0,0,0
user85,0,0,0,0,0,0,0,0,0,0,0,0,0,0,0,0,0,0,0,0,0,0,0,0,0,0,0,0,0,0,0,0,0,0,0,0,0,0,0,1,0,0,0,0,0,0,0,0,0,0,0,0,0,0,0,0,0,0,0,0,0,0,0,0,0,0,0,0,0,0,0,0,0,0,0,0,0,0,0,0,0,0,0,0,0,0,0,0,6,0,0,0,0,0,0,0,0,0,0,0,0,0,0,0,0,0,0,0,0,0,0,0,0,0,2,0,0,0,0,0,0,0,1,0,0,0,0,0,0,0,0,0,0,0,0,0,0,0,0,0,0,0,0,0,0,0,0,0,0,0,0,0,0,7,0,15,4,0,0,0,0,0,0,0,0,0,0,0,0,2,0,0,0,0,0,0,0,0,9,0,0,0,0,0,0,0,0,0,0,0,0,0,0,0,0,0,0,0,0,0,0,0,0,0,0,0,0,0,0,0,0,0,0,0,0,0,0,2,0,0,3,0,0,0,0,0,0,0,0,0,0,0,0,0,0,0,0,0,0,2,0,0,0,0,0,0,0,0,0,0,0,0,0,0,0
user86,0,0,0,9,0,0,0,0,0,1,0,0,0,0,9,1,0,0,2,0,0,0,0,0,0,0,0,0,3,0,0,7,0,0,0,0,0,1,0,1,0,0,0,1,5,2,4,1,0,0,0,4,0,0,1,0,0,0,0,0,0,4,0,0,0,6,0,0,0,0,3,0,2,0,0,0,0,0,0,3,0,0,0,0,0,0,1,0,1,1,1,0,0,0,0,0,5,0,0,7,16,5,7,0,3,2,1,0,0,0,2,0,0,0,0,0,0,0,0,0,2,0,0,0,1,11,0,0,0,0,0,0,0,0,10,0,0,0,0,0,0,3,0,0,0,2,2,12,1,10,34,0,2,0,0,0,0,9,0,0,0,0,0,0,1,0,0,0,0,0,0,0,0,1,2,12,0,0,0,0,2,0,0,1,0,0,2,4,0,0,2,0,0,0,3,6,3,4,0,0,0,0,0,0,0,1,2,0,0,0,0,0,0,2,2,0,8,0,0,0,0,0,4,0,0,1,1,0,0,0,0,6,0,0,0,0,0,2,0,0,0,0,8,0,0,0,6,0,0,0,0,0,4,0,0
user87,0,0,0,0,0,0,0,0,0,0,0,0,0,0,0,0,0,0,0,0,0,11,0,0,0,0,0,0,0,0,0,0,0,0,0,0,0,0,0,0,0,0,0,14,0,0,0,0,0,0,0,1,0,0,0,0,0,0,0,0,0,0,0,0,0,0,0,0,0,0,0,0,0,8,0,0,0,0,0,0,0,0,0,0,0,0,0,0,0,0,0,0,0,0,0,0,0,0,0,0,0,0,0,0,12,0,0,2,0,0,0,0,0,0,0,0,0,0,3,0,0,1,0,0,0,4,0,0,0,0,0,0,0,0,0,0,0,17,0,0,0,0,0,0,0,4,2,17,0,0,0,0,0,0,0,0,0,1,4,0,0,0,3,0,0,0,0,0,0,31,0,0,3,6,0,0,0,0,1,0,0,0,0,0,0,0,0,0,0,0,0,0,0,0,0,3,0,0,0,0,0,0,0,0,0,0,0,0,0,0,0,0,0,0,0,0,0,8,0,0,0,0,0,0,0,0,0,0,0,0,0,0,0,0,0,0,0,0,0,6,0,0,0,0,0,0,7,5,0,0,0,0,0,0,0
user88,0,0,0,0,0,0,0,0,0,0,0,0,0,0,0,0,0,0,0,0,0,0,0,0,0,0,0,0,0,0,0,0,0,0,0,0,0,0,0,0,0,0,0,0,0,0,0,0,0,0,0,0,0,0,0,0,0,0,0,0,0,0,0,0,0,0,0,0,0,0,0,0,0,0,0,0,0,0,0,0,0,0,0,0,0,0,0,0,0,0,0,0,0,0,0,0,0,0,0,0,0,0,0,0,0,0,0,0,0,0,0,0,0,0,0,0,0,0,0,0,0,0,0,0,0,0,0,0,0,0,0,0,0,0,0,0,0,0,0,0,0,0,0,0,0,0,0,0,0,0,0,0,0,0,0,0,1,0,0,0,0,0,0,0,0,0,0,0,0,0,0,0,0,0,0,0,0,1,0,0,0,0,0,0,0,0,0,0,0,0,0,0,0,0,0,0,0,0,0,0,0,0,0,0,0,0,0,0,0,0,0,0,0,0,0,0,0,0,0,0,0,0,0,0,0,0,0,0,0,0,0,0,0,0,0,0,0,0,0,0,0,0,0,0,0,0,0,0,0,0,0,1,0,0,0
user89,0,34,0,4,0,2,0,0,0,0,39,0,8,0,0,0,8,0,3,67,5,4,1,1,3,0,0,0,0,7,6,5,10,0,0,10,17,2,4,0,0,0,3,1,0,0,0,0,4,9,1,3,0,0,2,4,0,2,3,21,0,1,9,0,42,11,0,8,0,12,0,10,5,0,1,0,2,0,1,0,1,0,0,3,0,6,0,1,5,1,0,3,1,1,0,5,0,3,1,1,0,16,30,17,6,0,1,0,0,15,5,0,0,1,22,1,3,1,0,0,2,5,0,5,11,6,22,3,0,5,0,16,8,19,0,0,4,8,12,0,0,0,0,1,0,17,0,19,30,7,5,0,14,1,2,4,1,3,6,0,9,0,15,0,8,2,1,85,7,7,0,6,0,19,6,39,0,2,0,0,2,0,2,3,0,0,41,0,0,6,0,0,0,3,0,9,2,0,2,6,1,0,1,0,0,0,0,7,9,0,4,1,40,2,4,7,5,2,0,6,27,0,1,3,0,17,3,0,0,0,0,1,1,1,18,3,5,2,11,1,0,0,9,5,15,0,3,0,2,0,0,0,6,2,0
user90,0,0,0,0,0,0,0,0,0,1,0,0,0,0,0,0,0,0,0,0,0,0,0,0,0,0,0,0,0,0,0,0,0,0,0,0,0,0,0,0,0,0,0,0,0,0,0,0,0,0,0,0,0,0,0,0,0,0,0,0,0,0,0,0,0,0,0,0,1,0,0,0,0,0,0,0,0,0,0,0,0,0,0,0,0,0,0,0,0,0,0,0,0,0,0,0,0,1,0,0,0,0,0,0,0,0,0,0,0,0,0,0,0,0,0,0,0,0,0,0,0,11,0,0,0,0,0,0,0,0,0,0,0,0,0,0,0,0,0,0,0,0,0,0,0,0,0,0,0,0,21,0,0,0,0,0,1,0,0,0,0,1,0,0,0,0,0,0,0,0,0,0,0,0,0,0,28,0,0,0,0,0,0,0,0,0,0,0,0,0,0,0,0,0,0,0,0,0,0,0,0,0,0,0,0,0,0,0,0,0,0,0,0,0,0,0,0,0,0,1,0,0,0,0,0,0,0,0,0,0,0,0,0,10,4,0,0,0,0,0,0,0,0,0,0,0,0,0,0,0,0,0,0,0,0
user91,2,0,0,0,2,0,2,0,4,5,0,0,3,0,4,1,1,2,0,0,1,0,1,0,0,1,0,4,1,0,0,0,0,0,0,0,0,0,0,1,0,0,0,2,0,5,0,1,0,0,0,0,0,1,0,0,0,0,5,0,1,0,0,0,0,0,0,0,0,0,0,0,0,0,0,0,0,0,0,2,0,0,0,0,1,0,0,0,0,2,1,0,0,0,0,0,0,0,0,1,1,1,0,0,0,2,0,0,0,0,2,0,3,0,0,0,0,0,0,2,1,0,0,0,0,1,0,0,1,0,1,0,1,0,0,0,5,0,0,0,0,0,0,0,1,2,0,3,0,4,0,0,0,1,0,0,0,0,0,0,0,0,0,1,0,0,0,1,0,0,0,0,0,0,0,14,3,0,0,0,1,0,0,0,0,0,0,0,0,0,0,0,0,2,0,0,0,7,0,0,0,0,0,2,0,0,0,0,0,0,0,0,0,0,0,0,1,0,0,0,1,1,0,0,0,0,0,0,0,0,0,1,0,0,0,1,0,0,3,0,0,0,11,5,0,0,0,0,0,0,0,0,0,0,0
user92,0,0,0,0,0,0,0,0,0,0,0,0,0,0,0,1,0,0,0,0,0,0,0,0,0,0,0,0,0,1,0,0,0,0,0,0,0,0,0,0,0,0,0,0,0,0,0,0,0,0,0,0,0,0,0,0,0,0,0,0,0,0,0,0,0,0,0,0,0,0,0,0,0,0,0,0,0,0,0,0,0,0,0,0,0,0,0,0,0,0,0,0,0,0,0,0,0,0,0,0,0,0,0,0,0,1,0,0,0,0,1,0,0,0,0,0,0,3,0,0,0,0,0,3,0,0,0,0,0,0,0,0,0,0,0,0,0,0,0,2,0,0,0,0,0,0,0,0,0,0,0,0,0,0,0,0,0,0,0,0,0,0,0,0,0,0,0,0,0,0,0,0,0,0,0,0,0,0,0,0,0,0,0,6,0,0,0,0,0,0,0,0,0,0,0,0,0,0,0,0,0,0,0,0,0,0,0,0,1,0,0,0,0,0,0,4,0,0,0,0,6,0,0,0,0,0,0,0,0,0,0,0,0,0,0,0,0,0,0,0,0,0,0,0,0,0,0,0,2,0,0,1,0,0,0
user93,0,15,4,10,33,0,2,0,0,0,0,0,0,0,0,0,24,0,0,121,3,5,0,13,3,0,4,0,84,0,0,0,2,1,0,24,0,0,0,0,0,18,1,0,2,0,0,6,44,8,6,6,0,0,0,43,0,1,0,0,0,0,0,0,0,27,0,0,12,19,1,0,0,1,5,0,0,0,5,10,1,0,3,2,0,0,0,0,0,0,5,21,0,0,1,3,0,0,5,0,5,0,6,0,0,0,0,1,0,7,1,0,0,0,0,0,0,0,0,18,1,0,6,0,0,44,0,0,1,0,0,0,0,0,0,0,0,0,0,0,0,1,0,0,0,33,0,17,0,3,0,0,0,0,0,0,5,1,0,0,4,1,2,0,0,0,0,133,0,1,0,0,5,0,0,10,1,10,0,0,0,0,1,0,0,1,25,0,3,0,3,9,0,0,1,21,0,0,0,20,0,0,29,0,0,0,2,21,0,0,31,9,24,0,0,0,0,0,0,0,0,0,0,0,0,1,1,0,0,0,0,0,0,0,4,0,8,0,0,3,0,0,0,0,0,0,4,0,6,4,0,0,2,0,0
user94,1,0,0,0,1,0,0,0,0,0,0,2,0,0,0,0,0,0,0,1,0,0,0,0,0,0,0,0,0,0,0,0,0,0,0,0,0,0,4,0,1,0,0,0,0,0,0,0,0,0,0,0,3,0,6,0,0,0,0,0,0,0,0,0,0,3,0,0,0,0,0,0,0,0,0,0,0,0,0,0,0,0,0,0,0,0,0,0,0,0,0,0,0,0,0,0,1,1,0,0,1,0,0,0,5,0,0,0,0,0,0,0,0,0,0,1,0,0,4,0,2,0,0,0,1,0,0,0,4,0,2,0,0,0,0,0,0,0,0,0,0,0,0,0,0,3,0,0,5,0,9,2,0,2,0,5,0,3,0,0,0,0,0,0,0,0,0,1,0,1,0,2,0,3,3,0,0,0,0,0,6,0,0,0,0,0,0,0,0,1,0,0,0,0,2,0,0,0,0,0,2,0,0,0,0,0,0,0,0,0,0,0,0,3,0,0,0,0,0,0,0,0,0,0,0,0,0,0,0,0,3,0,0,0,0,0,0,0,0,9,1,0,0,0,0,0,0,0,9,0,0,0,0,0,0
user95,0,0,22,0,0,0,0,0,0,0,0,0,0,0,2,0,0,0,0,0,0,0,0,0,0,0,0,0,0,0,0,0,0,0,0,0,0,0,0,0,0,0,0,0,0,0,0,0,0,0,0,0,0,0,0,0,0,0,0,0,0,0,0,0,0,0,5,0,15,0,0,0,0,0,0,0,0,15,18,0,0,0,0,0,0,0,0,0,4,0,0,0,0,8,0,0,0,0,0,0,0,0,0,0,9,0,0,0,0,0,51,8,7,0,0,0,0,0,0,0,0,0,0,0,5,6,0,10,0,0,4,0,0,0,0,0,4,0,0,0,0,7,14,0,0,0,0,0,0,0,4,0,0,4,0,0,6,0,0,0,6,0,0,2,0,0,0,1,0,3,0,0,0,0,0,0,0,3,5,17,0,10,10,1,0,0,0,0,0,0,0,0,0,0,0,0,0,0,0,8,0,0,0,0,0,17,0,0,5,0,0,0,0,0,10,0,0,0,7,2,0,0,0,0,0,11,0,0,0,0,0,0,0,0,0,0,0,0,0,0,2,17,0,0,0,0,0,0,9,3,0,0,1,0,1
user96,0,0,0,2,3,0,0,3,0,2,1,0,0,0,0,0,0,0,1,0,0,1,0,0,0,0,0,0,0,2,0,0,0,0,0,0,1,1,0,0,0,0,0,0,0,0,4,0,1,0,1,0,0,0,0,0,0,0,0,1,0,0,0,0,0,0,0,0,11,0,0,0,0,0,0,0,0,0,8,0,0,0,0,2,0,0,0,0,0,0,0,5,0,0,0,0,0,0,6,1,0,1,0,0,0,0,0,0,0,1,27,0,0,0,8,0,0,0,0,0,1,5,0,0,0,0,0,2,0,0,2,0,11,0,0,0,0,1,0,1,10,0,0,3,0,0,0,0,0,0,0,0,1,10,1,2,0,0,2,0,0,2,0,0,0,5,1,9,0,0,2,1,0,0,0,0,0,4,2,12,0,0,0,0,0,0,0,1,0,0,0,0,0,8,0,6,0,0,0,14,0,0,0,0,1,0,1,3,0,0,1,1,4,0,1,2,1,0,0,0,0,0,0,0,0,1,0,2,2,0,0,2,2,1,5,0,0,1,0,0,0,2,0,0,0,0,0,0,3,0,0,7,0,1,0
user97,0,0,21,9,0,1,3,0,0,0,0,0,0,0,0,1,0,0,0,0,0,0,0,0,9,1,8,0,0,0,0,0,44,0,0,0,1,0,0,0,0,0,0,0,0,0,0,0,0,0,0,0,0,0,0,0,0,2,2,0,0,0,14,2,0,0,2,0,11,6,0,0,6,0,0,9,0,0,6,0,0,0,16,6,0,0,0,0,0,0,0,2,0,1,0,0,0,2,2,0,0,1,0,15,0,1,0,14,0,1,4,34,1,0,0,0,0,0,0,0,1,0,13,3,5,0,3,3,0,0,5,3,6,0,0,0,0,0,1,23,0,26,1,0,0,0,8,0,0,0,0,0,18,1,1,0,2,0,19,4,0,13,2,0,0,0,17,1,6,6,2,16,0,0,0,0,0,0,4,6,0,11,11,12,0,35,0,6,0,7,1,2,2,1,52,3,0,0,0,9,0,0,0,12,0,4,0,0,0,0,0,0,30,0,11,24,1,2,8,9,1,0,1,0,0,45,1,0,60,4,0,4,0,0,2,0,0,0,0,0,1,5,0,0,21,0,2,0,31,0,0,13,8,0,0
user98,0,0,0,0,0,0,0,0,0,0,0,0,0,0,0,0,0,0,0,0,0,0,0,0,0,0,0,0,0,0,0,0,0,0,0,0,0,0,0,0,0,0,0,0,0,0,0,0,0,0,0,0,0,0,0,0,0,0,0,0,0,1,0,0,0,0,0,0,0,1,0,0,0,0,0,0,0,0,0,0,0,0,0,0,0,0,0,0,0,0,0,0,0,0,0,0,0,0,0,0,0,0,0,0,0,0,1,0,0,0,0,0,0,0,0,0,0,0,0,0,0,0,0,0,0,0,0,0,0,0,0,0,0,0,0,0,0,0,0,0,0,0,0,0,0,0,0,0,0,0,0,0,0,0,0,0,0,0,0,0,0,0,0,0,0,0,0,0,0,0,0,0,0,0,0,0,0,0,0,0,0,0,0,0,0,0,0,0,0,0,0,0,0,0,0,0,0,0,0,0,0,0,0,0,0,0,0,0,0,0,0,0,0,0,0,0,0,0,0,0,0,0,0,0,0,0,0,0,0,0,0,0,0,0,0,0,0,0,0,0,0,0,0,0,0,0,0,0,0,0,0,0,0,0,0
user99,0,0,0,0,0,0,0,0,0,0,0,0,0,0,0,0,0,0,0,0,0,0,0,0,0,5,0,0,0,0,0,0,0,0,0,0,0,0,0,0,0,0,0,0,0,0,0,0,0,0,0,1,0,0,0,0,0,0,0,0,0,0,0,0,0,0,0,0,0,0,0,0,0,0,0,0,0,0,0,0,0,0,0,0,0,0,0,0,0,0,0,0,0,0,0,0,0,0,0,0,0,0,0,0,0,0,0,0,0,0,0,0,0,42,0,0,0,0,0,0,0,0,0,0,0,0,0,0,0,0,0,0,0,0,0,0,0,0,0,0,0,0,0,0,0,0,0,0,0,0,0,0,0,0,0,0,0,0,0,0,0,0,0,0,0,0,0,0,0,0,0,0,0,0,0,0,0,0,0,0,0,0,0,0,0,0,0,0,0,0,0,0,0,0,0,0,0,0,0,0,0,0,0,0,0,0,0,0,0,0,0,0,0,0,0,0,0,0,0,0,0,0,0,0,0,0,0,0,0,0,0,0,0,0,92,0,0,0,0,0,0,0,0,0,0,0,0,0,0,0,0,0,0,1,0
user100,0,0,0,0,0,0,0,0,0,0,0,1,0,2,0,0,0,0,0,3,0,0,0,7,0,0,0,0,0,0,0,0,0,0,0,0,0,0,0,0,2,0,0,1,0,0,0,0,0,0,0,0,0,0,0,0,0,0,0,5,0,0,0,0,0,0,0,0,0,0,0,14,2,0,0,0,3,0,0,0,0,0,0,0,0,0,2,15,0,0,0,0,0,0,0,0,0,0,0,0,0,0,0,0,1,0,0,0,0,0,0,0,0,0,0,0,0,0,1,0,0,0,0,0,0,0,0,0,0,0,0,0,0,0,0,0,0,0,0,0,0,0,0,0,0,0,0,4,0,2,0,0,0,0,0,0,0,1,0,0,0,0,0,0,0,0,0,8,0,0,0,0,0,0,0,7,0,0,0,0,0,0,0,0,0,0,0,0,0,0,0,0,0,0,0,0,5,0,0,0,0,0,0,0,0,0,0,4,0,0,3,0,0,0,0,0,0,0,0,0,3,0,0,0,0,0,0,0,0,0,0,0,7,0,0,0,0,0,2,0,0,0,12,1,0,4,0,0,0,0,0,0,0,0,0
